id_rtufecha,scans_good,scans_bad,bytes_transmited,bytes_recived,scan_type_idle,scan_type_command,scan_type_init,enviados,fallidos,alarmas,duracion_int,tipo_evento
44288SOCABAYA_N,2012194,0,1510212,63617460,0,3,0,6,6,0,0,2
44288TRUJILLNUEV,144807,1438,743895,11802950,146223,20,2,1,1,0,0,2
44288LANINA_N,2209218,3,1659280,64826532,0,40,0,2,2,0,0,2
44288YARABAMBA,4177746,0,3134448,213177175,0,3,0,2,2,0,0,2
44288JULIACA_N,149522,0,112962,5626269,0,3,0,4,1,0,0,2
44288MARCONA,5770511,0,4329016,212010731,0,4,0,3,3,0,0,2
44288CARABAYLLO,254713,323,1280245,7478929,255005,31,0,16,1,0,0,2
44288PARAGSHA_NVA,186988,355,938790,9118101,187319,11,13,7,7,1,18,2
44288PIURA2_N,3384055,0,2539806,96919944,0,10,2,51,51,0,0,2
44288ICA,159366,80,798420,13253551,159419,27,0,8,8,0,0,2
44288CARAPONGO,706950,0,530706,30955314,0,5,1,3,3,0,0,2
44288CHIMBOTENVA_N,722638,0,543040,19863224,0,22,0,17,11,0,0,2
44288INDEPE_N,1221606,1,916860,82470206,0,46,0,11,11,0,0,2
44288PARAMONGA_N,2651129,0,1990056,76479642,0,21,0,21,16,0,0,2
44288TRUJILLO_N,2915710,16,2189466,102294374,0,45,6,58,35,3,74,2
44289SANTUARIO,134021,0,700594,8742063,132561,3,18,5,5,6,12,1
44289CARABAYLLO,253170,299,1272210,7678287,253450,19,0,8,1,0,0,2
44289PARAGSHA_NVA,181926,385,913775,8929153,182296,15,0,2,2,1,28,2
44289HUANUCO_N,1462135,0,1097932,39873402,0,4,3,3,1,0,0,2
44289PIURA2_N,3387063,0,2542734,96961535,0,57,0,11,9,0,0,2
44289ICA,160756,86,805860,12895030,160810,32,0,3,3,0,0,2
44289CARAPONGO,723273,1,542960,32326875,0,9,0,2,2,3,372,2
44289CHIMBOTENVA_N,693212,0,520874,19035816,0,20,0,25,11,0,0,2
44289INDEPE_N,1179587,0,884936,79075070,0,14,0,14,14,0,0,2
44289PARAMONGA_N,2667690,0,2002776,76707207,0,45,0,9,5,0,0,2
44289PAPUJUNE,73435,0,42582,4694626,0,3,0,9,9,0,0,2
44289SOCABAYA_REP_N,1260801,0,946398,38689449,0,3,0,9,1,0,0,2
44290MARCONA,5749984,0,4313604,211381656,0,3,0,5,4,0,0,2
44290PARAGSHA_NVA,188483,393,946665,9229467,188867,5,4,4,4,2,40,2
44290HUANUCO_N,1422039,0,1067712,38739639,0,6,0,6,2,0,0,2
44290PIURA2_N,3189616,0,2394132,90569689,0,15,0,138,34,0,0,2
44290ICA,158545,90,794395,13306803,158629,6,0,50,22,0,0,2
44290CARAPONGO,696765,0,523040,30999195,0,5,3,1,1,0,0,2
44290CHIMBOTENVA_N,565352,0,425162,15475016,0,29,0,25,13,0,0,2
44290INDEPE_N,1218747,0,914348,81245509,0,17,0,10,9,0,0,2
44290PARAMONGA_N,2561601,0,1922886,73126395,0,21,0,14,4,0,0,2
44290SOCABAYA_REP_N,1253636,0,941156,40541193,0,12,2,8,2,0,0,2
44291CHILCA1,210642,34,1056490,6849182,210649,27,0,5,1,0,0,2
44291TRUJILLNUEV,156492,1358,797820,10425832,157844,2,4,8,4,0,0,2
44291LANINA_N,2033910,0,1527228,59309051,0,3,0,11,10,0,0,2
44291PARAGSHA_NVA,188932,365,948685,9254587,189285,7,5,2,2,0,0,2
44291HUANUCO_N,1426167,0,1070862,38879144,0,9,0,3,1,1,290,1
44291PIURA2_N,3226113,0,2423488,92104329,0,148,0,162,51,0,0,2
44291ICA,166157,87,834085,11900217,166189,55,0,10,10,2,4556,2
44291CARAPONGO,709608,0,532654,30860607,0,4,0,9,4,1,118,2
44291CHIMBOTENVA_N,567108,0,426442,15572961,0,28,0,7,5,0,0,2
44291INDEPE_N,1190493,0,893098,79603955,0,13,0,25,23,0,0,2
44291PARAMONGA_N,2560341,0,1922062,72891509,0,31,0,15,7,0,0,2
44291SOCABAYA_REP_N,1277226,0,958832,40835600,0,11,0,1,1,0,0,2
44292TRUJILLNUEV,143943,1417,736420,11275142,145349,11,0,5,5,1,52,2
44292LANINA_N,2308519,0,1733466,67905256,0,15,0,3,3,0,0,2
44292HUANUCO_N,1431009,0,1074478,39011515,0,7,0,3,1,1,180,1
44292PIURA2_N,3647519,0,2739602,106742010,0,164,0,82,38,0,0,2
44292ICA,156088,469,786750,11386961,156160,16,381,18,18,1,206,2
44292CARAPONGO,661817,0,496900,28738983,0,12,1,5,3,0,0,2
44292CHIMBOTENVA_N,704173,0,528976,19369225,0,10,0,21,10,0,0,2
44292INDEPE_N,1154244,0,866128,78766961,0,28,0,24,23,3,116,1
44292PARAMONGA_N,2531762,0,1900680,72086752,0,33,0,9,7,0,0,2
44292SOCABAYA_REP_N,1410789,1,1059160,46249575,0,3,13,8,4,0,0,2
44293VENTANILLA,200314,266,1004525,6642018,200577,3,0,7,1,0,0,2
44293TRUJILLNUEV,139337,1439,714145,11381580,140756,16,4,9,8,0,0,2
44293LANINA_N,2611527,0,1960470,77470883,0,6,0,5,5,0,0,2
44293MARCONA,5739428,0,4305654,211096428,0,3,0,1,1,0,0,2
44293CARABAYLLO,249219,294,1249980,8383249,249472,41,0,77,15,0,0,2
44293GUADALUPE_N,1483713,0,1113738,41383133,0,3,0,48,2,0,0,2
44293PARAGSHA_NVA,183212,390,920225,8959518,183593,3,6,5,5,1,32,2
44293PIURA2_N,3610548,0,2710806,104473730,0,87,0,162,50,0,0,2
44293ICA,161104,71,807835,12431681,161153,20,2,18,18,0,0,2
44293CARAPONGO,684757,0,514022,32107595,0,8,0,5,5,1,114,2
44293CHIMBOTENVA_N,674305,0,506760,18492708,0,24,0,14,4,0,0,2
44293INDEPE_N,1211888,1,909678,83482047,0,31,9,22,20,2,150,1
44293PARAMONGA_N,2473130,0,1856514,70251909,0,21,0,26,18,0,0,2
44293TRUJILLO_N,3077200,5,2310440,102497120,0,6,15,14,2,4,62,1
44293SOCABAYA_REP_N,1443143,0,1083222,51799807,0,11,1,20,4,0,0,2
44294MANTARO_N,4146640,0,3110820,131987633,0,3,0,6,4,0,0,2
44294CHILCA1,210514,29,1052800,6979918,210540,3,0,6,6,0,0,2
44294SOCABAYA_N,1976063,0,1483068,62646404,0,3,0,2,2,1,22,2
44294TRUJILLNUEV,138616,1435,710205,11657647,140039,12,0,6,6,0,0,2
44294LANINA_N,2670296,0,2004494,79242134,0,8,0,7,7,0,0,2
44294YARABAMBA,4146128,0,3110790,211827254,0,3,0,2,1,0,0,2
44294MARCONA,5774964,0,4332310,211613507,0,4,0,5,1,0,0,2
44294HUANUCO_N,1438602,0,1080096,39153956,0,3,0,3,1,6,586,1
44294PIURA2_N,3807915,3,2860100,112588209,0,176,0,70,28,0,0,2
44294ICA,157976,75,792750,12551821,158023,28,0,32,8,0,0,2
44294CARAPONGO,679521,0,510114,32056451,0,8,1,5,5,1,122,2
44294CHIMBOTENVA_N,675100,0,507260,18527952,0,17,0,18,9,0,0,2
44294INDEPE_N,1276498,2,957968,88919125,0,31,6,12,11,3,219,1
44294PARAMONGA_N,2535562,0,1903750,72223038,0,55,0,21,7,0,0,2
44294COTARUSE_N,1592023,0,1194768,52243615,0,3,0,50,28,0,0,2
44295VENTANILLA,195571,359,981845,6849287,195927,3,0,4,1,0,0,2
44295TRUJILLNUEV,141988,1350,725360,11473437,143329,9,0,6,6,0,0,2
44295LANINA_N,2627526,0,1972546,78070665,0,10,0,2,2,0,0,2
44295MARCONA,5663450,0,4248816,209893553,0,12,0,5,3,0,0,2
44295PARAGSHA_NVA,180096,462,905360,8865459,180540,6,12,11,11,1,7,2
44295PIURA2_N,3689019,0,2769554,108165582,0,77,0,87,20,0,0,2
44295ICA,165342,85,828535,11388152,165392,35,0,19,9,0,0,2
44295CARAPONGO,693230,1,520392,33303094,0,8,1,3,3,5,389,2
44295CHIMBOTENVA_N,671862,0,504894,18423729,0,21,0,12,6,0,0,2
44295INDEPE_N,1220055,0,915772,83950383,0,15,19,34,30,0,0,2
44295PARAMONGA_N,2480449,0,1862472,70258858,0,51,0,17,7,0,0,2
44295CHICLAYO_N,1743447,0,1308648,61388108,0,3,0,30,17,0,0,2
44295POROMA,746965,0,561578,20718409,0,3,2,12,8,0,0,2
44295SOCABAYA_REP_N,1416531,1,1063222,52104069,0,3,4,70,13,0,0,2
44296CHILCA1,210384,33,1052180,6994439,210414,3,0,13,4,0,0,2
44296VENTANILLA,198985,317,998495,6564675,199291,11,0,13,1,0,0,2
44296LANINA_N,2588601,0,1943166,76691031,0,4,0,2,2,1,8748,2
44296MARCONA,5604209,0,4204352,208955818,0,11,0,5,7,0,0,2
44296PARAGSHA_NVA,181793,399,913405,8974457,182178,14,0,8,7,2,80,2
44296HUANUCO_N,1380056,1,1036238,37628675,0,6,0,6,2,2,328,1
44296PIURA2_N,3598386,7,2701950,104872048,0,109,0,19,20,0,0,2
44296ICA,161963,128,811890,11516618,162069,22,0,21,21,0,0,2
44296INDEPE_N,1251537,3,939526,89467213,0,47,8,39,36,0,0,2
44296PARAMONGA_N,2472820,0,1856552,69810245,0,41,0,19,11,0,0,2
44297VENTANILLA,199228,359,1000365,6560919,199553,34,0,14,1,0,0,2
44297SOCABAYA_N,1993884,2,1496480,63205888,0,7,0,4,4,0,0,2
44297YARABAMBA,4170734,0,3129248,213539480,0,5,0,1,1,0,0,2
44297MARCONA,5743408,1,4308782,211357266,0,14,0,0,5,0,0,2
44297PARAGSHA_NVA,185473,337,931140,9096557,185793,13,4,6,6,3,54,2
44297HUANUCO_N,1422759,0,1068444,38753014,0,11,1,3,1,1,28,1
44297PIURA2_N,3417124,1,2564928,98377023,0,28,0,32,30,0,0,2
44297ICA,148506,94,744900,13910060,148576,24,0,15,15,0,0,2
44297CHIMBOTENVA_N,692368,0,520122,19061555,0,9,0,4,4,0,0,2
44297INDEPE_N,1452744,0,1090230,116581804,0,42,0,12,11,0,0,2
44297ABANCAY,1738599,0,1305264,48243957,0,3,0,2,2,0,0,2
44297PARAMONGA_N,2542716,0,1909012,72083088,0,43,0,14,6,0,0,2
44297POROMA,777444,0,584364,21675414,0,3,0,24,16,0,0,2
44298CHILCA1,209955,26,1050170,7033482,209972,9,0,3,1,0,0,2
44298TRUJILLNUEV,132260,1492,679540,12991317,133749,3,0,2,2,0,0,2
44298LANINA_N,2774417,0,2082534,82989050,0,3,0,4,4,0,0,2
44298YARABAMBA,4146039,0,3110686,214966493,0,4,0,4,3,0,0,2
44298MARCONA,5749223,0,4313096,211864890,0,8,0,1,3,0,0,2
44298CARABAYLLO,269830,295,1352200,6614860,270121,4,0,36,1,0,0,2
44298PARAGSHA_NVA,179621,354,901950,8816014,179959,10,6,3,3,2,44,2
44298PIURA2_N,3835216,0,2878506,112835974,0,36,0,106,43,0,0,2
44298TINGOM_ETS_N,351437,0,264626,25145151,0,5,0,3,1,0,0,2
44298ICA,158229,94,793690,12217695,158305,18,0,18,18,1,366,2
44298CARAPONGO,626035,0,470006,25518105,0,6,2,6,3,1,118,2
44298CHIMBOTENVA_N,704459,0,529200,19369282,0,9,0,7,3,0,0,2
44298INDEPE_N,1415036,0,1061532,111397415,0,15,0,31,20,0,0,2
44298PARAMONGA_N,2682815,0,2013974,76388421,0,35,0,39,9,0,0,2
44298TRUJILLO_N,2731735,0,2050498,101387578,0,4,0,51,32,2,114,1
44299HUANCAVEL_N,2066988,0,1551212,57125049,0,5,0,1,2,1,17,2
44299PARAGSHA_NVA,186518,417,937070,9090973,186925,6,4,3,2,4,58,2
44299PIURA2_N,3497782,0,2626526,101204717,0,116,0,119,21,1,17,2
44299ICA,159151,97,798175,11972537,159223,23,2,18,9,1,38,2
44299CARAPONGO,660889,0,496238,31779899,0,9,5,2,2,2,135,2
44299CHIMBOTENVA_N,701487,0,526978,19288647,0,10,0,10,6,1,17,2
44299INDEPE_N,1393216,0,1045462,110118977,0,34,0,52,15,1,17,1
44299PARAMONGA_N,2566540,0,1927414,72974035,0,82,0,37,10,1,17,1
44299TRUJILLO_N,2742377,0,2059412,93283341,0,55,4,27,17,6,179,1
44300CHILCA1,208765,31,1044150,7211688,208791,3,2,11,2,0,0,2
44300TRUJILLNUEV,140170,1444,717570,11766744,141609,3,2,5,2,0,0,2
44300HUANCAVEL_N,2213336,0,1661042,61715597,0,7,1,0,2,1,4,2
44300JULIACA_N,164354,0,124126,6300229,0,3,1,4,1,0,0,2
44300CARABAYLLO,251826,352,1266845,7936119,252121,55,2,71,4,0,0,2
44300INDEPE_N,1429908,0,1073354,114299096,0,55,1,53,23,1,38,1
44300CHAVARRIA_N,958014,0,720074,27051204,0,12,6,13,8,4,24,2
44300CHICLAYO_N,1821261,0,1366966,64814138,0,3,1,15,2,0,0,2
44300TRUJILLO_N,3001476,0,2254056,103106855,0,31,14,10,4,0,0,2
44301HUACHO,114463,186,574410,6712906,114646,3,0,45,1,0,0,2
44301SANNICOLAS,71809,27962,499575,1714633,99768,3,0,4,4,4,46,1
44301QUENCORO_N,2026737,0,1521858,56575139,0,9,0,32,4,1,4,2
44301HUANCAVEL_N,2232461,1,1675308,62481280,0,5,1,0,2,0,0,2
44301PIURA2_N,3944616,0,2960640,116876488,0,21,0,17,2,0,0,2
44301INDEPE_N,1433570,0,1076166,111909267,0,58,2,34,18,0,0,2
44301CHAVARRIA_N,979743,8,737404,27682779,0,42,11,21,7,2,15,2
44301PARAMONGA_N,2421696,0,1818324,68594137,0,45,0,49,2,0,0,2
44301TRUJILLO_N,2961814,0,2223328,98714666,0,13,0,20,7,31,2068,2
44301MONTALVO,364374,0,274044,10039481,0,3,0,7,7,2,4,1
44302HUACHO,114349,320,576050,6663289,114572,97,0,39,2,3,236,1
44302SANNICOLAS,70234,27171,489855,1675352,97392,4,9,9,9,7,89,1
44302YARABAMBA,4028188,0,3022360,204411814,0,3,0,8,3,0,0,2
44302HUANCAVEL_N,2139191,0,1605350,59405165,0,5,0,0,1,0,0,2
44302JULIACA_N,157285,2,118972,6375289,0,7,5,8,8,0,0,2
44302PARAGSHA_NVA,182944,394,918985,8984250,183330,4,4,6,1,1,28,2
44302PIURA2_N,3816603,0,2864532,111823838,0,21,0,21,2,0,0,2
44302INDEPE_N,1427823,2,1071942,113089346,0,77,0,31,15,0,0,2
44302CHAVARRIA_N,954050,8,717938,26927885,0,52,14,6,3,1,6,1
44302PARAMONGA_N,2389810,0,1795208,67791181,0,104,0,12,1,0,0,2
44302TRUJILLO_N,2409859,4,1816144,79564971,0,23,111,5,1,14,792,1
44302MONTALVO,361299,9,271918,9914736,0,17,2,8,8,0,0,2
44302SOCABAYA_REP_N,1493176,0,1120628,53484434,0,3,2,11,2,0,0,2
44303SANNICOLAS,71000,27203,493135,1680183,98180,5,18,8,8,7,86,1
44303HUANCAVEL_N,1939436,1,1455594,53440536,0,7,0,1,3,0,0,2
44303CARABAYLLO,248142,396,1245595,8202626,248499,39,0,37,1,0,0,2
44303GUADALUPE_N,1504487,0,1129446,41763012,0,15,0,48,2,0,0,2
44303PARAGSHA_NVA,183148,368,919800,9007919,183503,9,4,19,3,8,204,2
44303PIURA2_N,3668469,0,2753646,106564400,0,27,0,34,4,0,0,2
44303TALARA N,202427,0,152796,5508068,0,3,0,6,6,0,0,2
44303CHIMBOTENVA_N,674252,0,506632,18506213,0,10,0,7,1,0,0,2
44303INDEPE_N,1319745,2,990468,104568911,0,47,0,19,11,0,0,2
44303LA_BREA,721100,0,541638,20801790,0,6,0,29,1,0,0,2
44303CHAVARRIA_N,971347,1,729822,27421931,0,10,0,10,4,1,6,2
44303COMBAPATA_N,4064827,0,3049794,132985577,0,3,0,22,2,1,58,2
44303TRUJILLO_N,2189220,1,1646024,63177553,0,10,44,8,4,0,0,2
44304TOCACHE_N,827479,0,622212,22616758,0,3,0,2,2,0,0,2
44304HUACHO,112518,183,564705,6931369,112686,15,0,34,6,4,31,2
44304TRUJILLNUEV,144712,1352,738830,11382604,146061,3,0,2,2,0,0,2
44304GUADALUPE_N,1460739,0,1098078,40586774,0,99,0,51,2,0,0,2
44304PIURA2_N,3519562,0,2642288,101675583,0,44,0,16,1,0,0,2
44304PLANICIE,204054,286,1023270,6664781,204337,3,0,37,2,1,25,1
44304ICA,158332,80,792395,13577605,158404,8,0,6,1,0,0,2
44304INDEPE_N,1446253,0,1085068,114698563,0,22,0,6,3,2,172,1
44304CHAVARRIA_N,973064,3,731330,27559504,0,25,1,11,2,0,0,2
44304PARAMONGA_N,2527446,0,1897374,71666657,0,27,0,35,3,0,0,2
44304TRUJILLO_N,2819717,0,2116538,89846357,0,11,0,37,21,0,0,2
44305CHILCA1,208463,30,1042705,7283621,208488,5,0,4,2,0,0,2
44305HUACHO,112027,270,563980,6874888,112209,80,8,25,1,0,0,2
44305AUCAYACU_N,489488,2,367826,18720117,0,7,0,30,20,0,0,2
44305HUANCAVEL_N,2306202,0,1730598,63793266,0,3,0,0,2,0,0,2
44305JULIACA_N,170210,0,128482,6321048,0,4,0,2,2,0,0,2
44305MARCONA,5590547,0,4194112,210309456,0,10,0,2,1,0,0,2
44305CARABAYLLO,248654,345,1248555,8358636,248951,48,0,36,4,0,0,2
44305PIURA2_N,3954287,0,2968006,115862115,0,22,0,30,3,0,0,2
44305ICA,163311,97,819605,12456564,163399,9,0,15,3,0,0,2
44305INDEPE_N,1354368,2,1016072,104912402,0,9,5,21,9,0,0,2
44305LA_BREA,864764,0,649326,25625448,0,3,0,18,3,1,12,2
44305REQUE,1660507,0,1246292,51780898,0,5,0,4,1,0,0,2
44306HUACHO,112905,243,567815,6856786,113080,68,0,41,2,2,10,1
44306TRUJILLNUEV,141473,2359,736800,11791016,143770,18,44,8,1,1,22,2
44306LANINA_N,2648745,0,1988298,78832470,0,6,0,18,1,1,1206,2
44306HUANCAVEL_N,2096392,0,1573280,57939037,0,5,0,0,2,1,1174,2
44306PIURA2_N,3734926,0,2803588,109175600,0,40,0,26,23,2,1204,2
44306ZORRITOS_N,941117,0,707828,26144321,0,8,0,24,3,2,957,1
44306TALARA N,198802,0,150436,5414842,0,19,0,8,2,4,1368,2
44306CARAPONGO,675731,0,507380,33195666,0,10,7,7,1,2,1152,2
44306INDEPE_N,1369409,0,1027452,108949938,0,24,0,28,18,2,1225,1
44306TRUJILLO_N,2991189,2,2245114,96809372,0,18,0,8,3,2,1186,1
44307TRUJILLNUEV,143028,2659,739620,11378770,145666,19,2,3,1,0,0,2
44307HUANCAVEL_N,2070238,0,1553766,57171080,0,5,4,0,1,0,0,2
44307CARABAYLLO,246540,347,1237755,8465970,246839,46,2,77,7,0,0,2
44307PIURA2_N,3641580,1,2733682,107026001,0,35,5,19,1,1,2,1
44307INDEPE_N,1368578,0,1027042,108925132,0,31,6,12,6,0,0,2
44307CHICLAYO_N,1532185,2,1150504,52852556,0,15,9,8,2,1,7,1
44307TRUJILLO_N,2872111,0,2156162,90703538,0,11,6,9,4,7,212,1
44308OLLEROS,232113,993,1170505,2652479,233096,8,2,13,7,2,36,1
44308HUANCAVEL_N,2101245,0,1576930,58149300,0,4,0,0,1,0,0,2
44308PIURA2_N,3933283,0,2952110,115918783,0,25,1,34,9,0,0,2
44308ZORRITOS_N,952575,0,716684,26556840,0,11,3,37,4,6,95,1
44308TALARA N,201632,0,152328,5491967,0,3,0,11,8,0,0,2
44308INDEPE_N,1395598,0,1046958,110709708,0,15,0,8,5,0,0,2
44308CHICLAYO_N,1552716,0,1165912,53861220,0,19,3,8,2,3,123,1
44309SANTUARIO,138099,0,721080,8382449,136632,3,24,7,5,2,4,1
44309AUCAYACU_N,504121,0,378786,18866499,0,3,0,14,12,0,0,2
44309HUANCAVEL_N,1811932,0,1359910,50158068,0,4,0,0,1,0,0,2
44309PIURA2_N,3855168,0,2893714,112609629,0,43,0,27,35,0,0,2
44309ZORRITOS_N,1118588,0,842592,31519367,0,40,20,15,4,4,82,1
44309TALARA N,188793,0,143068,5147471,0,25,0,9,2,0,0,2
44309INDEPE_N,1275303,0,956672,101431873,0,11,0,21,11,0,0,2
44309PARAMONGA_N,2461075,4,1847412,69557276,0,21,0,12,1,0,0,2
44309TRUJILLO_N,2878530,5,2161122,98166610,0,20,0,18,5,0,0,2
44310CVERDE,142447,7,712345,5193118,142451,3,0,7,3,0,0,2
44310POMACO,216542,71,1083450,8361339,216605,3,5,27,5,1,54,1
44310CHILCA1,208850,37,1044675,7120743,208882,5,0,80,19,0,0,2
44310HUANCAVEL_N,2041267,0,1531900,56641787,0,4,0,0,2,0,0,2
44310CARABAYLLO,251968,300,1263595,8146863,252233,35,0,33,1,0,0,2
44310PIURA2_N,3719328,3,2792270,108077633,0,68,0,56,9,0,0,2
44310DESIERTO,147352,150,737570,4716398,147499,3,0,6,1,0,0,2
44310SANJUAN_N,891892,0,670420,24917070,0,4,0,9,5,0,0,2
44310CARAPONGO,656194,0,492628,32176264,0,8,2,5,1,1,118,2
44310INDEPE_N,1374707,1,1031452,109015297,0,26,0,22,10,0,0,2
44310AGUAYTIA_N,156495,0,118282,30108553,0,7,0,2,1,0,0,2
44310ORCOTUNA,1243806,0,933324,48527331,0,3,0,7,2,0,0,2
44311TOCACHE_N,822115,3,618378,22700894,0,9,0,29,7,7,26133,2
44311ZAPALLAL,236699,646,1186860,2489737,237342,3,0,11,1,1,80,1
44311CHILCA1,212816,39,1071855,6432063,212724,131,0,15,3,0,0,2
44311VENTANILLA,196874,284,987465,6975685,197155,3,0,3,1,1,4,1
44311TRUJILLNUEV,146775,2740,756985,11127858,149510,5,0,4,1,0,0,2
44311AUCAYACU_N,528677,0,397194,19130147,0,3,0,2,2,0,0,2
44311MARCONA,5347559,0,4011814,192271526,0,7,0,11,11,0,0,2
44311CARABAYLLO,241381,347,1212520,8844069,241668,60,0,61,6,0,0,2
44311GUADALUPE_N,1493282,0,1121298,41509376,0,15,0,52,3,0,0,2
44311PARAGSHA_NVA,181759,423,913380,8834449,182175,5,2,12,2,4,146,2
44311PIURA2_N,3966148,0,2977200,116896752,0,63,0,32,4,0,0,2
44311TINGOM_ETS_N,344328,0,259304,24488373,0,5,0,1,1,0,0,2
44311SANJUAN_N,850918,0,639906,23874927,0,12,0,12,2,0,0,2
44311INDEPE_N,1397772,0,1048762,109541387,0,25,0,4,1,0,0,2
44311ABANCAY,1719003,0,1290360,47648034,0,3,0,6,4,0,0,2
44311PARAMONGA_N,1481613,0,1113016,41020783,0,31,0,27,1,0,0,2
44311TRUJILLO_N,2947340,0,2212422,94377397,0,9,0,10,2,4,183,1
44311ORCOTUNA,1245188,2,934510,47579107,0,13,0,4,1,0,0,2
44312CHILCA1,209993,37,1050900,6911836,210006,24,0,11,4,0,0,2
44312TRUJILLNUEV,136403,3061,708280,13111404,139457,7,0,4,2,0,0,2
44312CARABAYLLO,260192,274,1311770,7566092,260386,80,0,34,1,0,0,2
44312PIURA2_N,4421170,0,3318112,132652609,0,40,0,15,1,0,0,2
44312INDEPE_N,1473257,0,1105084,116362751,0,7,0,22,12,0,0,2
44313TOCACHE_N,864056,1,649382,23710107,0,5,0,3,2,0,0,2
44313AYAVIRI,41437,0,207245,4604482,41434,3,0,6,1,1,3904,1
44313CHILCA1,208473,42,1043715,7139453,208499,16,0,6,3,0,0,2
44313HUACHO,116068,174,582345,6597459,116239,3,0,4,1,20,5612,2
44313TRUJILLNUEV,142483,3004,737040,11843207,145480,7,0,8,3,1,154,2
44313HUANCAVEL_N,2224169,0,1669050,61728633,0,3,0,3,5,0,0,2
44313CARABAYLLO,253986,315,1275135,7964995,254244,57,0,44,1,0,0,2
44313PIURA2_N,4190030,0,3144650,124364048,0,20,0,13,2,0,0,2
44313ICA,152244,130,764580,12714948,152352,22,0,48,1,0,0,2
44313TALARA N,195760,0,147898,5333318,0,7,0,8,2,0,0,2
44313CHIMBOTENVA_N,700251,0,526262,19334673,0,20,0,23,1,0,0,2
44313INDEPE_N,1438967,0,1079674,113589411,0,25,0,40,19,0,0,2
44313TRUJILLO_N,3039862,0,2281714,101597805,0,10,0,7,4,0,0,2
44314POMACO,212940,52,1065275,9077430,212989,3,0,8,2,2,39919,2
44314SANROS_N,1576953,0,1183674,45719349,0,3,0,6,1,0,0,2
44314REPARTICION,74991,323,434748,5369060,72235,5,314,4,3,1,8,1
44314PACHACHACA,152764,51,764385,2720033,152808,3,4,14,1,8,41411,2
44314CHILCA1,208799,29,1045150,7140432,208819,9,0,20,7,0,0,2
44314HUANCAVEL_N,2429935,0,1823494,68172450,0,10,0,4,3,0,0,2
44314ZORRITOS_N,930915,0,700102,25809010,0,7,0,28,10,0,0,2
44314TALARA N,204897,0,154738,5568443,0,19,0,3,2,0,0,2
44314CHIMBOTENVA_N,722616,0,543044,20051533,0,26,0,21,5,0,0,2
44314INDEPE_N,1510874,0,1133842,120560466,0,43,0,26,14,0,0,2
44314CHAVARRIA_N,921945,0,692694,26336954,0,3,0,10,3,2,39993,2
44314ORCOTUNA,1223908,0,918430,47880046,0,4,0,6,2,0,0,2
44315CVERDE,136038,8,680375,5386543,136036,8,2,7,7,1,8,2
44315TOCACHE_N,904571,0,679612,24782360,0,3,1,3,2,0,0,2
44315AUCAYACU_N,488186,0,366844,18677407,0,3,1,6,4,0,0,2
44315HUANCAVEL_N,2392340,0,1795302,67596712,0,8,1,0,5,0,0,2
44315PUNO_N,350800,0,264268,11557255,0,3,1,8,1,0,0,2
44315PIURA2_N,3964066,0,2974894,117315154,0,15,1,31,2,0,0,2
44315ZORRITOS_N,711009,1,535620,19809009,0,33,1,9,1,0,0,2
44315MOLLEPATA,2162779,0,1622812,62906661,0,3,1,7,7,4,16,1
44315TALARA N,197563,0,149410,5386562,0,9,1,3,1,0,0,2
44315CHIMBOTENVA_N,698059,1,524654,19254310,0,26,1,22,3,0,0,2
44315INDEPE_N,1495451,0,1122072,119915503,0,29,1,32,18,0,0,2
44315TRUJILLO_N,3140119,0,2356960,102408511,0,12,1,11,4,0,0,2
44316ZAPALLAL,235904,661,1183275,2423092,236547,9,9,10,1,0,0,2
44316HUACHO,115315,189,578755,6432284,115497,7,0,6,1,1,8,1
44316HUANCAVEL_N,2454472,0,1841906,69634692,0,8,0,0,2,0,0,2
44316PIURA2_N,3959237,0,2971448,118526724,0,38,0,27,1,0,0,2
44316ICA,138144,128,693290,14001237,138250,22,0,36,10,4,458,2
44316ZORRITOS_N,678010,0,510456,18927236,0,12,0,10,3,0,0,2
44316TALARA N,197672,0,149346,5387672,0,9,0,3,1,0,0,2
44316INDEPE_N,1519714,0,1140356,121499935,0,35,0,24,13,2,6,1
44316POROMA,913001,0,685842,25424097,0,3,0,7,3,0,0,2
44317HUANCAVEL_N,2294304,0,1721696,65339913,0,5,0,0,1,0,0,2
44317PIURA2_N,3657920,0,2745432,106498201,0,33,0,17,2,0,0,2
44317INDEPE_N,1479676,1,1110286,118010639,0,30,2,10,7,0,0,2
44198ZAPALLAL,236964,961,1190150,2342683,237902,16,7,13,1,0,0,2
44198CHILCA1,211344,43,1057495,6755073,211363,20,4,5,2,0,0,2
44198TRUJILLNUEV,150524,2094,771315,10383156,152611,5,2,10,8,0,0,2
44198MARCONA,5616634,1,4213682,209565758,0,14,0,2,2,0,0,2
44198PARAGSHA_NVA,187727,391,942815,9088631,188093,7,18,2,2,7,212,2
44198PIURA2_N,3245416,0,2436380,91994383,0,44,0,63,64,0,0,2
44198SANJUAN_N,885121,0,665274,24604130,0,6,0,26,5,2,14,1
44198ICA,181736,88,910580,9436061,181803,19,2,24,21,1,10,2
44198CHIMBOTENVA_N,692155,0,519938,19214212,0,11,0,11,7,0,0,2
44198INDEPE_N,621321,0,466130,25438400,0,3,2,20,1,1,28,1
44198CHAVARRIA_N,840265,1,631376,24095681,0,5,0,3,1,0,0,2
44198PARAMONGA_N,2426281,0,1821486,68485749,0,27,0,9,5,0,0,2
44199ZAPALLAL,236084,773,1185085,2566551,236841,16,0,10,1,0,0,2
44199TRUJILLNUEV,137605,2263,709175,12262070,139855,13,0,3,3,3,2826,2
44199AUCAYACU_N,579471,0,435300,20409089,0,3,0,6,6,1,8586,1
44199MARCONA,5654262,0,4241816,210003390,0,5,0,5,4,0,0,2
44199PARAGSHA_NVA,184521,372,926660,8980178,184868,6,19,2,2,2,114,2
44199PIURA2_N,3994498,0,2998626,117371098,0,72,0,38,35,0,0,2
44199SANJUAN_N,1025785,8,772214,28540975,0,61,12,51,2,1,6,1
44199ICA,164788,88,825600,12376602,164848,26,2,10,9,0,0,2
44199CHIMBOTENVA_N,787121,2,591262,21825238,0,19,0,13,6,0,0,2
44199INDEPE_N,743724,0,557886,30733159,0,3,0,20,3,1,52,1
44199LA_BREA,0,0,0,0,0,0,0,11,3,0,0,2
44199CHAVARRIA_N,896507,1,673782,25640538,0,5,4,5,1,1,6,1
44199AGUAYTIA_N,450615,0,338784,94824284,0,3,0,1,1,6,702,1
44199PARAMONGA_N,2554476,0,1917560,72991086,0,23,0,17,6,0,0,2
44199CHICLAYO_N,2143069,0,1608210,77388603,0,3,0,75,32,0,0,2
44200CHILCA1,212024,29,1060755,6690995,212043,10,0,9,2,0,0,2
44200HUACHO,114460,218,574895,6683856,114659,15,4,6,3,0,0,2
44200TRUJILLNUEV,133847,1771,689910,12529609,135368,14,236,3,3,0,0,2
44200PARAGSHA_NVA,186158,341,934550,9016182,186484,15,0,2,2,3,78,2
44200PIURA2_N,3937194,0,2955230,114453655,0,41,0,36,32,0,0,2
44200ICA,153128,89,767030,13247257,153204,13,0,12,12,0,0,2
44200CHIMBOTENVA_N,788015,2,592010,21901576,0,21,0,2,2,0,0,2
44200INDEPE_N,766182,0,574722,31751637,0,3,0,26,2,0,0,2
44200PARAMONGA_N,2533403,0,1902266,72381900,0,59,0,19,13,0,0,2
44201CHILCA1,209510,33,1048335,7011592,209525,18,0,75,16,0,0,2
44201TRUJILLNUEV,143451,1324,733840,11644438,144766,9,0,4,3,0,0,2
44201QUENCORO_N,1909730,8,1434230,53830018,0,18,4,28,3,2,74,2
44201MARCONA,5584001,0,4189130,209127659,0,5,0,5,1,0,0,2
44201HUANUCO_N,1390772,0,1044252,38014332,0,3,0,3,1,0,0,2
44201PIURA2_N,3853093,0,2892042,112753471,0,39,0,42,38,0,0,2
44201ICA,157790,84,790555,12544002,157859,15,0,18,18,0,0,2
44201CHIMBOTENVA_N,725657,0,544988,20051147,0,5,0,3,3,0,0,2
44201INDEPE_N,706992,0,530346,29432674,0,3,0,37,2,1,36,1
44201AGUAYTIA_N,448387,0,337122,94754790,0,3,0,1,1,0,0,2
44201PARAMONGA_N,2458572,0,1846078,70122968,0,55,0,23,20,0,0,2
44202ZAPALLAL,235296,725,1181075,2315377,236012,9,0,22,1,1,86,1
44202CHILCA1,209201,33,1053230,6975298,209114,120,0,4,4,0,0,2
44202HUACHO,117329,195,588985,6485074,117509,15,0,37,2,1,8,1
44202SOCABAYA_N,1687241,0,1266312,58592708,0,2,9,10,4,13,850,1
44202TRUJILLNUEV,142034,1363,726660,11242097,143389,8,0,3,3,3,4280,2
44202QUENCORO_N,1860853,0,1397940,52672195,0,32,4,7,1,0,0,2
44202MARCONA,5536883,0,4153848,208113673,0,12,0,4,4,3,6486,1
44202HUANUCO_N,1381360,0,1037242,37644403,0,6,1,3,1,0,0,2
44202PIURA2_N,3919227,0,2941770,114444740,0,45,0,52,43,0,0,2
44202ICA,158979,88,796115,12342781,159046,21,0,33,33,0,0,2
44202CHIMBOTENVA_N,715097,0,537108,19744285,0,6,0,7,5,0,0,2
44202INDEPE_N,693438,0,520164,28958173,0,3,0,27,1,1,86,1
44202LA_BREA,314649,0,236982,8905451,0,9,18,22,4,0,0,2
44202PARAMONGA_N,2408567,0,1808592,68551588,0,57,0,10,7,0,0,2
44203ZAPALLAL,235738,835,1185355,2241936,236539,25,9,22,1,2,50,1
44203SOCABAYA_N,1690504,0,1269102,58542652,0,21,15,8,4,21,1318,1
44203TRUJILLNUEV,140473,1742,720360,10504080,141839,6,370,6,6,0,0,2
44203MARCONA,5132125,1,3850368,192451756,0,8,6,13,10,1,4,1
44203PARAGSHA_NVA,183619,351,921825,8970871,183964,3,3,1,1,1,30,2
44203HUANUCO_N,1368644,0,1027650,37237939,0,6,0,6,4,0,0,2
44203PIURA2_N,3804358,0,2855770,110812962,0,55,0,50,42,0,0,2
44203SANJUAN_N,714986,0,538200,19773832,0,4,2,5,1,0,0,2
44203ICA,143009,98,716830,13913638,143071,36,0,30,26,0,0,2
44203CHIMBOTENVA_N,676042,0,507862,18617062,0,10,0,6,6,0,0,2
44203INDEPE_N,834811,0,626190,36627199,0,3,0,28,3,2,164,1
44203PARAMONGA_N,2397290,0,1799812,68318274,0,31,0,28,24,0,0,2
44204TRUJILLNUEV,146293,1560,748685,11051601,147844,9,0,2,2,7,743,2
44204AUCAYACU_N,586381,0,440430,20533881,0,3,0,1,1,0,0,2
44204JULIACA_N,159897,0,120988,6158251,0,14,2,1,1,0,0,2
44204MARCONA,5599269,1,4200700,208731749,0,12,1,4,3,0,0,2
44204PIURA2_N,3843501,0,2885192,112168755,0,59,0,39,43,1,96,1
44204ICA,154345,94,774750,11687263,154401,38,0,40,38,4,124,2
44204ZORRITOS_N,885419,0,666212,24644289,0,17,0,20,4,0,0,2
44204CHIMBOTENVA_N,677574,0,509028,18677535,0,9,0,9,7,0,0,2
44204AGUAYTIA_N,448321,0,337074,94730575,0,3,0,2,1,0,0,2
44204PARAMONGA_N,2386431,0,1792028,67973172,0,59,0,16,6,0,0,2
44205ZAPALLAL,234614,725,1177875,2235601,235324,9,6,11,2,1,4,1
44205CHILCA1,211202,31,1056300,6820031,211228,3,2,47,4,0,0,2
44205TRUJILLNUEV,146786,1575,752405,10797571,148290,6,65,2,2,3,50,2
44205MARCONA,5682939,0,4263408,209359766,0,8,1,3,1,0,0,2
44205PIURA2_N,3847405,0,2888634,113307588,0,49,11,38,37,0,0,2
44205DESIERTO,152364,183,762820,4569553,152542,3,2,11,5,1,6,1
44205ICA,165963,129,834895,11641995,166036,48,8,12,12,1,2,2
44205CHIMBOTENVA_N,647693,0,486652,17807900,0,12,1,2,2,0,0,2
44205INDEPE_N,644799,0,483724,27241009,0,3,1,22,2,1,244,2
44205AGUAYTIA_N,453984,0,341384,94802671,0,7,1,1,1,0,0,2
44205PARAMONGA_N,2348021,1,1763120,66988481,0,47,1,9,2,0,0,2
44206TOCACHE_N,827173,0,621792,22659990,0,3,0,3,2,0,0,2
44206MOLLENDO,89573,297,453445,153155,89867,3,0,7,6,1,8,1
44206ZAPALLAL,236491,763,1187255,2333289,237237,14,3,3,1,0,0,2
44206HUACHO,118532,191,594910,6395353,118708,15,0,3,1,1,8,1
44206TRUJILLNUEV,144602,1492,741420,11054323,146076,12,6,13,3,0,0,2
44206LANINA_N,2555667,0,1918538,75883321,0,8,0,20,1,0,0,2
44206AUCAYACU_N,560682,0,421194,20205981,0,3,0,1,1,0,0,2
44206MARCONA,5566065,0,4175762,208837617,0,8,0,6,5,0,0,2
44206CARABAYLLO,243949,338,1223405,8595466,244275,12,0,36,4,0,0,2
44206PARAGSHA_NVA,179925,387,903675,8877111,180305,3,4,2,2,0,0,2
44206HUANUCO_N,1367440,0,1026702,37174414,0,3,0,3,1,0,0,2
44206PIURA2_N,3859783,0,2897132,112862679,0,44,0,32,37,0,0,2
44206ICA,147298,98,739040,14432973,147380,14,2,6,6,0,0,2
44206MOLLEPATA,2203095,0,1653132,63313685,0,3,0,3,3,0,0,2
44206CHIMBOTENVA_N,683585,1,513484,18808849,0,8,0,23,14,0,0,2
44206INDEPE_N,860547,0,645498,37078131,0,3,0,26,3,1,36,2
44206AGUAYTIA_N,456722,0,343418,94851252,0,5,0,1,1,0,0,2
44206PARAMONGA_N,2358882,0,1770906,67821897,0,27,0,17,7,0,0,2
44206TRUJILLO_N,3382491,0,2538720,105965263,0,3,0,12,4,1,18,1
44207CVERDE,134310,30,671895,5790661,134337,3,0,1,1,0,0,2
44207TOCACHE_N,879612,3,661212,24115790,0,9,0,5,5,2,324,1
44207MOLLENDO,91293,170,470725,167981,91392,69,2,3,3,3,44,1
44207REPARTICION,57015,357,348137,4178368,54458,35,0,2,2,3,140,1
44207CHILCA1,212151,36,1061210,6686229,212178,9,0,80,18,0,0,2
44207TRUJILLNUEV,142495,1414,730825,11832527,143884,25,0,8,8,2,130,2
44207MARCONA,5550804,0,4164322,209631495,0,10,0,4,4,0,0,2
44207PARAGSHA_NVA,184634,296,926355,9012938,184923,7,0,2,2,3,108,2
44207HUANUCO_N,1476437,0,1108518,40197334,0,6,0,2,1,1,6,1
44207PIURA2_N,3633577,0,2727434,103703380,0,41,0,34,32,0,0,2
44207ICA,153442,95,768865,12970187,153528,9,0,6,6,0,0,2
44207CHIMBOTENVA_N,798340,0,599832,22196892,0,26,1,11,9,0,0,2
44207PARAMONGA_N,2520380,0,1892228,73180083,0,41,0,17,5,0,0,2
44208ZAPALLAL,236627,658,1187045,2262190,237276,6,3,6,1,2,32,1
44208CHILCA1,214106,33,1078100,6232740,214010,129,0,70,7,0,0,2
44208HUACHO,117470,211,589790,6420754,117672,9,0,40,6,3,14,1
44208TRUJILLNUEV,150729,1428,776300,10368751,152108,41,8,5,5,0,0,2
44208AUCAYACU_N,560265,3,420946,20085283,0,3,4,2,2,0,0,2
44208JULIACA_N,156428,0,118186,5951302,0,3,1,1,1,0,0,2
44208MARCONA,5565966,1,4175638,207858031,0,7,0,5,4,0,0,2
44208PARAGSHA_NVA,184112,341,924150,8951739,184435,8,10,1,1,2,64,2
44208PIURA2_N,3579105,0,2686664,103122785,0,41,0,47,47,0,0,2
44208ICA,185725,79,929490,8295005,185795,9,0,15,15,0,0,2
44208CHIMBOTENVA_N,609775,0,458222,16791392,0,14,0,4,2,0,0,2
44208INDEPE_N,383433,0,287670,16256230,0,3,0,60,8,0,0,2
44208CHAVARRIA_N,873402,4,656510,24598783,0,11,0,7,3,1,6,1
44208AGUAYTIA_N,452984,0,340582,94731881,0,3,1,1,1,0,0,2
44208PARAMONGA_N,2294551,0,1722930,67115467,0,45,0,13,8,0,0,2
44209CVERDE,135781,12,679070,5806067,135790,3,0,2,1,0,0,2
44209AZANGARO,211714,20,1058835,2190739,211731,3,0,1,1,0,0,2
44209ZAPALLAL,235857,612,1183240,2266629,236452,9,8,6,1,1,18,1
44209CHILCA1,215216,29,1083210,6079292,215130,115,0,70,16,0,0,2
44209HUACHO,117134,271,589515,6363235,117299,100,6,6,1,0,0,2
44209TRUJILLNUEV,151622,1481,774745,10922730,153095,8,0,2,2,0,0,2
44209QUENCORO_N,1762740,0,1323762,49827360,0,3,0,2,2,0,0,2
44209MARCONA,5573542,0,4181418,207260045,0,9,0,6,6,0,0,2
44209HUANUCO_N,1362540,0,1023066,37035207,0,3,0,3,1,0,0,2
44209PIURA2_N,3716456,0,2789936,108060526,0,54,2,52,55,0,0,2
44209ICA,194617,67,973910,6977925,194666,18,0,10,9,0,0,2
44209INDEPE_N,279008,0,209346,12223764,0,3,0,14,2,0,0,2
44209LA_BREA,274281,1,206530,7855977,0,10,17,13,4,0,0,2
44209PARAMONGA_N,2170072,0,1629452,65481808,0,35,0,11,7,0,0,2
44209COTARUSE_N,1614468,0,1211508,52040985,0,3,0,9,5,0,0,2
44210TOCACHE_N,645899,0,486126,17884159,0,3,0,4,4,1,234,1
44210CHILCA1,214842,29,1081270,6176168,214756,115,0,4,2,1,6,2
44210TRUJILLNUEV,146523,1370,749285,11130830,147888,5,0,5,5,1,11,2
44210MARCONA,5560801,5,4171836,206982605,0,14,0,7,7,0,0,2
44210CARABAYLLO,244882,326,1228780,8614257,245183,25,0,58,1,1,6,1
44210PARAGSHA_NVA,181490,415,911795,8820844,181899,3,3,2,2,2,36,2
44210HUANUCO_N,1356193,0,1018332,36877843,0,6,0,6,2,1,2,1
44210PIURA2_N,3749112,0,2814420,109381751,0,60,0,57,57,0,0,2
44210TINGOM_ETS_N,426651,0,321032,32067068,0,5,0,9,1,1,3,1
44210ICA,193037,64,965825,7283163,193088,13,0,27,27,1,2,2
44210CHIMBOTENVA_N,692430,3,520180,19084261,0,11,2,8,6,0,0,2
44210INDEPE_N,281907,0,211518,12501240,0,3,0,36,1,7,34,1
44210PARAMONGA_N,2137478,0,1604920,64677137,0,31,0,9,7,0,0,2
44211HUACHO,114933,213,577230,6522432,115122,22,2,37,5,1,6,1
44211AUCAYACU_N,579725,0,435496,20451443,0,3,1,1,1,0,0,2
44211MARCONA,5571666,3,4179968,207293576,0,10,1,3,1,0,0,2
44211HUANUCO_N,1323361,0,993814,35945931,0,9,1,3,1,1,30,1
44211PIURA2_N,3755734,0,2819504,110115492,0,64,1,82,87,0,0,2
44211ICA,194546,70,973940,7233091,194584,30,2,19,18,0,0,2
44211CHIMBOTENVA_N,695806,0,522748,19215449,0,11,2,5,3,0,0,2
44211INDEPE_N,294154,0,220924,12987509,0,15,1,63,1,7,36,1
44211LA_BREA,278466,0,209446,7911163,0,1,11,11,1,0,0,2
44212AZANGARO,210053,82,1051145,2148313,210132,3,0,4,1,0,0,2
44212CHILCA1,215737,26,1078990,6259503,215755,8,0,47,1,2,10,2
44212HUACHO,116469,287,586445,6465596,116657,97,2,13,2,0,0,2
44212TRUJILLNUEV,146975,1377,750645,11146540,148349,3,0,2,2,0,0,2
44212MARCONA,5571764,0,4179974,207426748,0,8,0,5,5,0,0,2
44212HUANUCO_N,1319685,0,990920,35858212,0,6,0,7,4,2,1422,2
44212PIURA2_N,3794093,0,2848624,111548397,0,94,0,34,31,0,0,2
44212ICA,197909,68,990470,7186384,197955,22,0,27,27,1,174,2
44212CHIMBOTENVA_N,698870,2,524986,19306757,0,12,0,5,3,0,0,2
44212PARAMONGA_N,2072498,0,1555864,62880309,0,7,0,18,10,0,0,2
44212CHICLAYO_N,1644300,0,1234236,58354768,0,3,0,52,30,0,0,2
44212TRUJILLO_N,3469955,0,2604272,106848901,0,5,0,6,4,3,337,1
44213TOCACHE_N,596682,0,449484,16522914,0,3,0,8,2,0,0,2
44213CHILCA1,211551,41,1063370,6683671,211536,50,6,79,14,4,388,2
44213HUACHO,115294,207,579045,6686200,115469,32,0,46,5,1,10,1
44213TRUJILLNUEV,143468,1506,734690,11026587,144969,5,0,30,8,1,102,2
44213AUCAYACU_N,579229,0,435096,20436970,0,3,0,4,4,0,0,2
44213PARAGSHA_NVA,183937,315,923085,8981307,184249,3,0,2,2,0,0,2
44213HUANUCO_N,1396046,0,1048442,38003530,0,9,1,3,1,0,0,2
44213PIURA2_N,3577371,0,2685328,103872155,0,40,0,10,9,0,0,2
44213TINGOM_ETS_N,428937,0,322692,32168106,0,3,0,3,2,1,6,1
44213ICA,162481,81,815505,12071986,162529,31,2,9,9,0,0,2
44213CHIMBOTENVA_N,726206,0,545438,20084829,0,8,0,16,8,0,0,2
44213INDEPE_N,722209,0,541768,31004569,0,3,1,69,6,6,1043,2
44213AGUAYTIA_N,451222,0,339240,94761976,0,3,0,1,1,0,0,2
44213PARAMONGA_N,2201970,0,1653402,65644078,0,39,0,18,6,0,0,2
44214CHILCA1,208981,59,1054000,6814865,208890,127,23,46,17,0,0,2
44214TRUJILLNUEV,144241,1446,740965,11068414,145644,32,11,3,3,1,14,2
44214AUCAYACU_N,626559,0,470696,21201223,0,11,0,1,1,0,0,2
44214PUNO_N,381895,0,287632,12478747,0,4,0,5,1,0,0,2
44214MARCONA,5613494,0,4211204,210094956,0,3,0,11,3,0,0,2
44214PARAGSHA_NVA,184696,292,926685,9120611,184983,5,0,8,8,1,31671,2
44214HUANUCO_N,1460491,0,1096536,39912683,0,6,0,3,1,2,32335,2
44214PIURA2_N,3566550,0,2676812,102224578,0,17,0,36,37,0,0,2
44214PLANICIE,206103,231,1033105,6622685,206331,3,0,5,1,2,31677,1
44214ICA,155688,78,780455,12796852,155754,12,0,17,14,1,31899,2
44214CHIMBOTENVA_N,771792,0,579802,21381908,0,19,0,4,2,0,0,2
44214INDEPE_N,812084,0,609794,33651277,0,32,9,24,2,2,31701,2
44214CHAVARRIA_N,858853,1,645768,24445931,0,5,0,15,8,0,0,2
44214AGUAYTIA_N,449419,0,337922,94795269,0,5,0,3,3,0,0,2
44214PARAMONGA_N,2306792,0,1732090,67674716,0,43,0,11,7,0,0,2
44214CHICLAYO_N,1742331,0,1307958,61987866,0,15,0,66,32,0,0,2
44215CHILCA1,209238,30,1049820,6663432,209194,72,2,43,11,0,0,2
44215HUACHO,114686,155,575230,6559663,114836,3,2,28,4,1,8,1
44215VENTANILLA,195800,308,982425,6868158,196099,7,2,5,1,0,0,2
44215TRUJILLNUEV,141893,1379,726360,10952381,143254,6,12,3,3,0,0,2
44215MARCONA,5533758,1,4151810,205763588,0,25,1,1,1,0,0,2
44215PIURA2_N,3769119,0,2829214,110676483,0,45,1,47,53,0,0,2
44215ICA,162997,80,820130,11618260,163054,21,2,9,9,0,0,2
44215CHIMBOTENVA_N,690849,0,518948,19109055,0,7,1,6,4,0,0,2
44215INDEPE_N,714214,0,535768,29352561,0,3,1,11,1,0,0,2
44215AGUAYTIA_N,451585,0,339622,94773092,0,9,1,2,2,0,0,2
44215PARAMONGA_N,2240343,0,1682246,65401792,0,37,1,34,13,1,1092,2
44215CHICLAYO_N,1591438,0,1196452,56092694,0,135,1,50,31,0,0,2
44216CHILCA1,205994,28,1034060,6909684,205956,66,0,3,3,0,0,2
44216HUACHO,115529,250,580940,6582973,115716,61,2,21,2,0,0,2
44216TRUJILLNUEV,138528,1433,708830,11715522,139955,6,0,32,12,1,76,2
44216AUCAYACU_N,573220,0,430590,20348935,0,3,0,5,5,0,0,2
44216PIURA2_N,3966727,0,2977636,117531909,0,61,0,26,24,0,0,2
44216ICA,159025,80,796810,12315959,159093,12,0,25,25,0,0,2
44216CHIMBOTENVA_N,755314,2,567364,20939483,0,14,1,4,2,0,0,2
44216INDEPE_N,788030,0,591108,32409464,0,3,0,38,1,0,0,2
44216AGUAYTIA_N,451759,0,339700,94760995,0,7,0,1,1,0,0,2
44216PARAMONGA_N,2234828,0,1678662,66279958,0,72,4,7,5,0,0,2
44216CHICLAYO_N,1704645,0,1280866,60462701,0,103,0,16,2,0,0,2
44216TRUJILLO_N,3591243,0,2695064,109515498,0,11,0,6,5,3,148,1
44217TOCACHE_N,591021,0,444714,16217739,0,3,0,3,3,0,0,2
44217CHILCA1,206785,27,1034210,6898428,206806,6,0,11,7,0,0,2
44217TRUJILLNUEV,138339,1537,714790,11579707,139831,40,5,38,14,0,0,2
44217AUCAYACU_N,578687,0,434842,20407938,0,13,0,3,3,0,0,2
44217MARCONA,5542311,0,4157820,208488590,0,3,0,12,8,0,0,2
44217PARAGSHA_NVA,179686,334,902115,8844932,180017,3,0,17,16,6,204,2
44217HUANUCO_N,1427716,0,1071966,38899631,0,3,0,5,2,2,1114,1
44217PIURA2_N,3935432,0,2953676,116145139,0,29,0,64,53,0,0,2
44217ICA,155928,95,781595,12594507,155991,32,0,49,43,1,166,2
44217CHIMBOTENVA_N,762651,0,572776,21160865,0,7,0,11,9,0,0,2
44217INDEPE_N,800982,0,600964,33457685,0,13,0,29,1,12,174,1
44217AGUAYTIA_N,452234,0,340040,94765689,0,5,0,1,1,0,0,2
44217PARAMONGA_N,2316376,0,1738930,67515518,0,19,0,16,6,0,0,2
44217CHICLAYO_N,1742154,0,1308050,62145804,0,35,0,44,29,0,0,2
44217TRUJILLO_N,3101727,2,2328388,99148904,0,14,7,11,4,0,0,2
44218HUACHO,115114,182,577780,6693891,115275,21,0,14,2,0,0,2
44218TRUJILLNUEV,146543,1471,752835,11254531,147973,41,0,1,1,1,127,2
44218AUCAYACU_N,578728,1,434818,20388133,0,11,0,2,1,0,0,2
44218MARCONA,5539143,5,4155622,208017967,0,16,0,1,1,0,0,2
44218PARAGSHA_NVA,183727,411,923210,9066671,184106,20,12,17,12,9,390,2
44218HUANUCO_N,1412370,0,1060502,38530992,0,8,0,5,2,0,0,2
44218PIURA2_N,3777737,0,2835976,110740539,0,67,0,50,40,0,0,2
44218MOQUEGUA_N,0,0,0,0,0,0,0,4,4,14,7642,2
44218ICA,159357,88,800605,12734875,159382,60,3,34,33,0,0,2
44218CHIMBOTENVA_N,710690,0,533930,19668423,0,14,0,9,7,0,0,2
44218INDEPE_N,733696,0,550350,30395865,0,3,0,43,1,6,40,1
44218AGUAYTIA_N,449577,0,338036,94764103,0,5,0,3,3,0,0,2
44218PARAMONGA_N,2254137,0,1692474,64286407,0,39,0,14,5,0,0,2
44218CHICLAYO_N,1650318,0,1240000,58490869,0,91,0,52,31,0,0,2
44219ZAPALLAL,227691,622,1141975,2329133,228310,3,0,3,1,0,0,2
44219CHILCA1,206596,29,1033200,6877954,206622,3,0,41,1,0,0,2
44219TRUJILLNUEV,145481,1476,745060,11208905,146941,4,12,9,6,4,188,2
44219MARCONA,5455430,0,4092712,207130755,0,4,0,14,9,0,0,2
44219HUANUCO_N,1403239,0,1053626,38243403,0,8,0,6,2,0,0,2
44219PIURA2_N,3702744,0,2779460,108401533,0,53,0,43,39,0,0,2
44219MOQUEGUA_N,17781,10,1868,2817189,0,2,43,28,2,135,12438,2
44219ICA,162418,92,813790,12733673,162472,38,0,23,16,0,0,2
44219CHIMBOTENVA_N,714074,0,536434,19752733,0,13,0,8,6,0,0,2
44219INDEPE_N,739494,0,554712,30328774,0,3,0,40,2,10,146,1
44219LA_BREA,232176,0,174734,6683632,0,6,11,31,14,0,0,2
44219AGUAYTIA_N,451361,0,339438,94771245,0,9,0,3,3,0,0,2
44219PARAMONGA_N,2139522,0,1606520,60722992,0,35,0,13,8,0,0,2
44219CHICLAYO_N,1570202,0,1180064,54746385,0,107,0,49,32,0,0,2
44219TRUJILLO_N,3298666,0,2475672,104176738,0,12,0,7,4,0,0,2
44220SANTUARIO,135550,0,708306,8475428,134087,3,20,3,3,10,32,1
44220CALLALLI,51344,72,263215,3287495,51078,3,49,6,6,5,2170,1
44220AYAVIRI,43917,22,219885,4682241,43934,5,0,1,1,5,3338,2
44220CHILCA1,206743,29,1039040,6773142,206728,44,0,11,2,0,0,2
44220TRUJILLNUEV,143711,1399,735360,11474859,145078,14,18,4,3,4,217,2
44220MARCONA,5486426,3,4116122,207842926,0,20,0,13,9,4,16,2
44220PARAGSHA_NVA,177934,361,893580,8750862,178284,3,8,5,5,4,80,2
44220HUANUCO_N,1394638,0,1047240,38042784,0,9,0,6,2,0,0,2
44220PIURA2_N,3714318,0,2788114,108568943,0,46,0,56,51,0,0,2
44220ICA,161015,89,806375,13116031,161078,26,0,30,24,0,0,2
44220CHIMBOTENVA_N,741062,0,556652,20593083,0,11,0,4,4,0,0,2
44220INDEPE_N,890599,0,668034,36971879,0,3,0,16,2,2,8,1
44220LA_BREA,612776,0,461068,17634094,0,25,18,16,4,0,0,2
44220CHAVARRIA_N,932995,0,700656,26579321,0,3,0,9,3,1,6,1
44220PARAMONGA_N,2413426,0,1812066,69302160,0,45,0,7,5,0,0,2
44220CHICLAYO_N,1566241,0,1177100,55572890,0,101,0,7,4,0,0,2
44220TRUJILLO_N,3230452,0,2424478,101023711,0,10,0,13,4,0,0,2
44221AZANGARO,201141,291,1008460,2276108,201375,4,53,10,2,0,0,2
44221ZAPALLAL,228837,1121,1150250,2314317,229945,13,0,6,1,0,0,2
44221TRUJILLNUEV,144175,1437,739280,11375214,145588,8,16,4,4,0,0,2
44221JULIACA_N,154461,0,116664,5611577,0,3,0,8,6,0,0,2
44221MARCONA,5570487,2,4179356,209330864,0,15,5,3,2,0,0,2
44221PARAGSHA_NVA,175366,447,881595,8653520,175799,8,6,5,5,1,28,2
44221PIURA2_N,3533739,0,2652806,102318355,0,59,0,34,34,0,0,2
44221ICA,160534,84,804280,13085074,160585,33,0,25,25,0,0,2
44221CHIMBOTENVA_N,720343,0,541030,20229006,0,7,0,6,4,0,0,2
44221INDEPE_N,853867,0,640482,33460834,0,3,0,21,1,2,8,1
44221LA_BREA,817580,0,614338,23750394,0,19,9,41,16,0,0,2
44221PARAMONGA_N,2504639,0,1880372,71633780,0,35,0,7,2,0,0,2
44221CHICLAYO_N,1542327,0,1157960,53683482,0,17,0,24,1,0,0,2
44222CHILCA1,208705,25,1044190,6669284,208721,9,0,43,7,0,0,2
44222TRUJILLNUEV,146175,1420,747215,11401744,147588,7,0,18,6,2,1462,2
44222QUENCORO_N,1697663,1,1275100,49111939,0,3,13,15,1,8,445,2
44222CARABAYLLO,241580,295,1211535,9082468,241849,26,0,41,2,1,12,1
44222PARAGSHA_NVA,183423,385,921350,9072838,183796,8,4,1,1,5,129,2
44222PIURA2_N,3901601,0,2928426,115564162,0,40,0,56,52,0,0,2
44222ICA,164943,90,826140,12283616,165002,31,0,18,18,0,0,2
44222CHIMBOTENVA_N,712420,0,535146,19684693,0,9,0,6,4,0,0,2
44222PARAMONGA_N,2452389,0,1841086,70229273,0,31,0,16,6,0,0,2
44223CHILCA1,206061,35,1034905,6912663,206019,77,0,19,8,1,8,2
44223TRUJILLNUEV,143103,1490,733585,11610959,144442,21,130,17,7,1,14,2
44223MARCONA,5467068,0,4101402,207404892,0,3,0,4,3,0,0,2
44223CARABAYLLO,238108,325,1198190,9337518,238354,77,2,43,3,0,0,2
44223PARAGSHA_NVA,181431,428,911715,8936900,181820,20,19,5,5,1,6,2
44223PIURA2_N,3886186,0,2917256,114438029,0,61,0,31,30,0,0,2
44223ICA,165485,89,828985,12187628,165553,21,0,6,6,1,372,2
44223CHIMBOTENVA_N,751575,0,564438,20806098,0,9,0,6,4,0,0,2
44223INDEPE_N,706539,0,529986,27052650,0,3,0,18,2,1,4,1
44223AGUAYTIA_N,450253,0,338532,94775721,0,3,0,3,3,4,220,1
44223PARAMONGA_N,2415325,0,1813394,68927370,0,41,0,8,6,0,0,2
44224CHILCA1,206595,41,1034845,6838440,206597,35,4,9,2,0,0,2
44224TRUJILLNUEV,151492,1406,775400,11475972,152870,26,2,8,8,0,0,2
44224MARCONA,5529822,0,4148546,208414859,0,8,0,3,3,0,0,2
44224PARAGSHA_NVA,186792,342,937720,9127161,187124,8,2,4,4,3,80,2
44224PIURA2_N,3845196,0,2886110,112349380,0,35,0,51,47,0,0,2
44224ICA,166108,68,831855,12056925,166166,8,2,12,12,0,0,2
44224TALARA N,216804,0,163860,5909668,0,3,0,1,1,0,0,2
44224CHIMBOTENVA_N,714081,0,536412,19755138,0,9,3,4,2,0,0,2
44224CHAVARRIA_N,908107,4,682534,25465784,0,19,0,8,2,1,6,1
44224AGUAYTIA_N,439103,4,329902,92918737,0,11,15,1,1,0,0,2
44224PARAMONGA_N,2442552,0,1833700,69699334,0,31,0,11,3,0,0,2
44225CHILCA1,206967,29,1035585,6839739,206981,15,0,11,2,4,12,2
44225TRUJILLNUEV,147556,1427,754665,11726188,148972,11,0,3,3,0,0,2
44225MARCONA,5619702,1,4215900,209488366,0,6,0,3,5,0,0,2
44225PARAGSHA_NVA,189304,343,950285,9226234,189633,7,7,8,4,1,20,2
44225HUANUCO_N,1444228,0,1084314,39357273,0,3,0,3,1,0,0,2
44225PIURA2_N,3869559,0,2904704,113358907,0,56,0,45,38,0,0,2
44225ICA,164437,75,823760,11415256,164496,14,2,14,14,1,42,2
44225CHIMBOTENVA_N,753930,0,566488,20970378,0,7,9,6,2,0,0,2
44225INDEPE_N,663473,0,497688,25443483,0,3,0,24,1,6,50,1
44225PARAMONGA_N,2429986,0,1824244,69347384,0,25,0,7,5,0,0,2
44226CVERDE,131217,0,656130,5246382,131214,3,0,1,1,0,0,2
44226TOCACHE_N,619438,0,465906,16977339,0,3,0,3,3,0,0,2
44226ZAPALLAL,227955,614,1143185,2379063,228566,3,0,10,1,0,0,2
44226CHILCA1,207465,55,1038570,6718993,207490,14,16,15,5,0,0,2
44226HUACHO,112882,153,566260,6714386,113032,3,0,6,1,0,0,2
44226TRUJILLNUEV,158174,1303,805240,10960847,159471,6,0,2,2,0,0,2
44226MARCONA,5619255,0,4215584,209421502,0,8,0,3,3,0,0,2
44226CARABAYLLO,245220,376,1232835,8439205,245555,41,0,20,1,0,0,2
44226PARAGSHA_NVA,187374,347,940755,9182932,187710,11,0,1,1,8,310,2
44226HUANUCO_N,1419394,0,1065738,38692485,0,6,0,3,1,0,0,2
44226PIURA2_N,3855087,0,2893710,112981007,0,51,0,64,63,0,0,2
44226TINGOM_ETS_N,424646,0,319566,31969710,0,5,0,4,1,0,0,2
44226ICA,158780,77,795440,12222219,158839,16,2,32,31,0,0,2
44226CHIMBOTENVA_N,644527,0,484878,18080062,0,9,24,3,1,0,0,2
44226INDEPE_N,744577,0,558522,30688885,0,3,0,23,1,9,58,1
44226LA_BREA,995512,0,747438,29842116,0,3,6,2,2,0,0,2
44226PUCALLPA_N,216461,0,163176,44167400,0,3,0,17,4,0,0,2
44226AGUAYTIA_N,447343,0,336318,94734613,0,3,0,20,8,0,0,2
44226PARAMONGA_N,2383973,0,1789638,67890672,0,21,0,16,5,0,0,2
44226CHICLAYO_N,1625469,0,1220072,56781219,0,3,0,40,19,0,0,2
44227TOCACHE_N,648239,2,487724,17774595,0,8,0,11,6,1,10,2
44227ZAPALLAL,222474,1334,1120775,2322410,223795,13,0,8,2,0,0,2
44227CHILCA1,206223,31,1033460,6931753,206236,18,0,18,6,0,0,2
44227VENTANILLA,191655,449,963135,6876391,192089,15,0,4,1,0,0,2
44227AUCAYACU_N,595788,0,447522,20660939,0,3,0,12,12,0,0,2
44227MARCONA,5720322,1,4291380,210898793,0,6,0,12,8,0,0,2
44227PARAGSHA_NVA,183472,386,921420,8992494,183836,8,14,4,4,4,72,2
44227HUANUCO_N,1450412,0,1089000,39542749,0,6,0,6,2,0,0,2
44227PIURA2_N,3934006,0,2953322,116256004,0,80,0,71,54,0,0,2
44227ICA,151396,85,759145,13523449,151446,35,0,14,14,0,0,2
44227INDEPE_N,861231,0,646014,35647062,0,3,0,35,3,7,48,2
44227AGUAYTIA_N,457809,0,344746,94881768,0,40,0,1,1,0,0,2
44227PARAMONGA_N,2431152,0,1825374,69502392,0,45,0,11,8,0,0,2
44227CHICLAYO_N,1708139,0,1283208,60037420,0,83,0,73,33,0,0,2
44228TOCACHE_N,524454,5,395714,14534325,0,23,6,1,1,5,14330,2
44228AYAVIRI,42289,8,211610,4991438,42293,4,0,2,1,0,0,2
44228CHILCA1,205875,30,1031905,6919589,205882,23,0,3,1,0,0,2
44228MARCONA,5695200,2,4272752,211075028,0,20,0,3,3,0,0,2
44228PARAGSHA_NVA,184072,340,924035,9048758,184402,7,3,2,2,3,54,2
44228HUANUCO_N,1474555,0,1107150,40180959,0,9,0,3,1,0,0,2
44228PIURA2_N,3686451,0,2767742,105768002,0,83,0,26,25,0,0,2
44228ICA,150207,68,752735,13698887,150255,20,0,12,12,0,0,2
44228CHIMBOTENVA_N,833845,0,626166,23110863,0,3,0,1,1,0,0,2
44228INDEPE_N,871878,0,654120,35430969,0,12,0,23,1,18,172,1
44228PARAMONGA_N,2117629,0,1589958,60266883,0,27,0,10,5,0,0,2
44228CHICLAYO_N,1349953,0,1015580,46512437,0,149,0,80,47,0,0,2
44229TOCACHE_N,348742,1,263468,9729224,0,6,13,7,1,2,1751,2
44229ZAPALLAL,229479,701,1151685,2227109,230170,10,0,6,1,0,0,2
44229CHILCA1,208339,29,1042010,6698975,208362,6,0,13,3,0,0,2
44229MARCONA,5577191,2,4184188,208856529,0,10,0,2,2,0,0,2
44229PIURA2_N,3764382,0,2825400,109638073,0,33,0,44,40,0,0,2
44229ICA,163346,80,817880,11686453,163405,21,0,30,30,0,0,2
44229CHIMBOTENVA_N,739684,0,555640,20373591,0,7,1,3,1,0,0,2
44229INDEPE_N,805667,0,604376,33521599,0,3,2,26,1,12,70,1
44229PARAMONGA_N,1955427,0,1468474,56419361,0,37,0,15,9,0,0,2
44229CHICLAYO_N,1517830,0,1141682,52975031,0,164,0,56,31,0,0,2
44230TOCACHE_N,830212,11,624794,22901554,0,21,13,1,1,1,38,1
44230ZAPALLAL,222881,1061,1121350,2352164,223933,9,0,6,1,1,20,1
44230CHILCA1,204996,45,1026680,7109907,204986,55,0,3,3,0,0,2
44230HUACHO,113338,189,569005,6650394,113495,32,0,6,1,1,8,1
44230VENTANILLA,192159,426,965375,6749613,192573,12,0,43,3,0,0,2
44230TRUJILLNUEV,144891,1441,741415,11856668,146327,5,0,3,3,0,0,2
44230MARCONA,5564735,1,4174682,208834921,0,5,0,14,19,0,0,2
44230PIURA2_N,3868336,0,2903758,112783734,0,52,0,66,67,0,0,2
44230ICA,159904,95,805450,12048251,159935,64,0,33,33,1,118,2
44230CHIMBOTENVA_N,784869,1,589502,21610599,0,8,0,6,4,0,0,2
44230INDEPE_N,848152,0,636224,35360639,0,3,2,33,5,8,240,1
44230AGUAYTIA_N,453709,3,341172,94834653,0,9,0,2,2,2,84,1
44230PARAMONGA_N,2274174,0,1707612,68375526,0,45,0,5,3,0,0,2
44230CHICLAYO_N,1750626,7,1315708,62080086,0,131,0,22,12,0,0,2
44231ZAPALLAL,228796,692,1148460,2252185,229477,9,2,6,1,0,0,2
44231CHILCA1,205545,30,1028035,6974353,205569,6,0,2,2,0,0,2
44231HUACHO,115213,236,578915,6537142,115404,43,2,6,1,0,0,2
44231VENTANILLA,198390,396,997090,6389801,198699,87,0,41,1,0,0,2
44231MARCONA,5571464,17,4180128,208367504,0,46,0,7,5,0,0,2
44231PIURA2_N,3820879,0,2868528,111750990,0,78,0,34,30,0,0,2
44231ICA,168084,86,843515,11382008,168105,62,3,30,30,0,0,2
44231CHIMBOTENVA_N,741798,0,557184,20400735,0,9,0,4,2,0,0,2
44231INDEPE_N,767167,0,575492,31754408,0,3,2,21,1,2,28,1
44231AGUAYTIA_N,452520,9,340486,94434842,0,7,12,2,2,0,0,2
44231PARAMONGA_N,2153782,0,1617090,65798026,0,27,0,8,7,0,0,2
44231CHICLAYO_N,1714933,0,1287752,61074140,0,47,0,23,17,0,0,2
44232ZAPALLAL,229323,712,1150895,2268574,230026,9,0,6,1,0,0,2
44232CHILCA1,205232,30,1026445,7008852,205257,5,0,1,1,0,0,2
44232HUACHO,115921,220,582225,6554423,116119,22,0,6,2,2,19,1
44232VENTANILLA,198788,410,999185,6364376,199114,84,0,42,2,1,10,1
44232TRUJILLNUEV,150203,1340,766730,11188010,151529,3,11,4,4,0,0,2
44232MARCONA,5501805,1,4127570,207525960,0,11,0,3,2,0,0,2
44232CARABAYLLO,238285,375,1197360,9070550,238612,48,0,22,2,0,0,2
44232PIURA2_N,3713779,0,2787580,107711623,0,37,0,31,27,0,0,2
44232PLANICIE,204342,292,1024780,6669631,204631,3,0,8,2,0,0,2
44232ICA,170727,58,855565,11549776,170750,35,0,21,21,0,0,2
44232CHIMBOTENVA_N,695166,0,522196,19122793,0,7,0,6,4,0,0,2
44232PARAMONGA_N,2166018,0,1626398,65779721,0,35,0,15,10,0,0,2
44232CHICLAYO_N,1662087,3,1248298,58757266,0,55,0,42,28,0,0,2
44232TRUJILLO_N,2758792,1,2072640,90604894,0,12,33,8,5,16,766,1
44233CHILCA1,207126,27,1035895,6854013,207149,4,0,4,4,0,0,2
44233VENTANILLA,198892,438,1000040,6345152,199238,90,2,41,1,1,6,1
44233TRUJILLNUEV,148229,1340,756045,10956287,149562,7,0,44,12,0,0,2
44233JULIACA_N,149436,0,112896,5715380,0,3,0,3,1,0,0,2
44233MARCONA,5726741,1,4296168,209877319,0,6,0,6,6,0,0,2
44233PARAGSHA_NVA,189551,322,951265,9171930,189870,3,0,5,5,6,176,2
44233HUANUCO_N,1355949,0,1018134,36963327,0,3,0,7,2,0,0,2
44233PIURA2_N,3782292,0,2838880,109747630,0,34,0,13,13,0,0,2
44233PLANICIE,203346,340,1020420,6578607,203675,11,0,40,1,0,0,2
44233ICA,172327,104,864905,10861930,172404,27,0,12,12,0,0,2
44233CHIMBOTENVA_N,665452,2,500100,18330865,0,13,4,6,4,0,0,2
44233AGUAYTIA_N,438694,9,330300,90691677,0,18,8,2,2,0,0,2
44233PARAMONGA_N,2187177,0,1642326,65024469,0,39,0,5,3,0,0,2
44234TOCACHE_N,864572,0,650382,23866072,0,3,0,3,3,0,0,2
44234VENTANILLA,198075,407,995630,6590130,198393,87,2,47,3,0,0,2
44234TRUJILLNUEV,144231,1543,742360,11123573,145727,47,0,35,15,0,0,2
44234MARCONA,5477021,0,4109040,207533471,0,12,0,4,2,0,0,2
44234HUANUCO_N,1420561,0,1066684,38621263,0,10,0,3,1,0,0,2
44234PIURA2_N,4001841,0,3003396,118111012,0,18,0,77,73,0,0,2
44234TINGOM_ETS_N,427514,0,321652,32135213,0,4,0,13,3,0,0,2
44234ICA,155832,91,780990,13760158,155907,16,0,3,3,0,0,2
44234CHIMBOTENVA_N,740511,0,556238,20551167,0,9,2,3,3,0,0,2
44234INDEPE_N,972235,0,729258,41353012,0,3,0,7,1,3,12,1
44234AGUAYTIA_N,434038,0,326398,88952826,0,7,0,4,4,0,0,2
44234PARAMONGA_N,2152975,0,1616316,62846005,0,15,0,18,14,0,0,2
44234CHICLAYO_N,1772765,0,1330724,63148172,0,17,0,73,29,0,0,2
44235CHILCA1,205027,26,1025555,7113770,205042,11,0,73,18,1,6,2
44235VENTANILLA,200397,392,1007145,6508083,200692,97,0,45,2,0,0,2
44235TRUJILLNUEV,142416,1564,732740,11523333,143942,38,0,34,11,3,64,2
44235MARCONA,5547231,0,4161616,208621565,0,7,0,4,3,0,0,2
44235PARAGSHA_NVA,182920,370,918480,9021917,183284,3,3,3,3,3,50,2
44235PIURA2_N,3796897,0,2850498,109237477,0,84,0,62,61,0,0,2
44235ICA,162049,101,811335,12622617,162144,6,0,15,15,0,0,2
44235CHIMBOTENVA_N,778573,0,584770,21536529,0,7,0,13,11,0,0,2
44235INDEPE_N,905944,0,679542,37990682,0,3,0,30,2,14,54,1
44235REQUE,1791681,0,1344648,55310367,0,3,0,11,2,0,0,2
44235PARAMONGA_N,2398384,0,1800914,68853369,0,53,0,30,12,3,24,1
44235CHICLAYO_N,1702722,0,1280142,59946444,0,150,0,7,5,0,0,2
44235TRUJILLO_N,2995172,0,2248058,99632950,0,11,0,12,4,8,297,1
44236CHILCA1,208116,31,1047795,6950601,208017,128,2,14,4,0,0,2
44236HUACHO,116819,179,586305,6553427,116981,17,0,6,2,2,8,1
44236TRUJILLNUEV,143775,1398,738505,11495597,145127,40,6,32,9,3,541,2
44236MARCONA,5571789,0,4179976,207991658,0,7,0,6,5,0,0,2
44236HUANUCO_N,1375797,0,1032966,37400146,0,3,0,3,1,2,37313,2
44236PIURA2_N,3817486,0,2865792,111645553,0,69,0,63,61,0,0,2
44236ICA,165123,109,827215,12092940,165214,18,0,23,23,1,2,2
44236CHIMBOTENVA_N,737042,0,553696,20339289,0,16,0,11,9,0,0,2
44236INDEPE_N,822946,0,617298,34428254,0,3,0,16,2,20,37431,2
44236PUCALLPA_N,204615,0,154284,41200670,0,3,0,4,4,0,0,2
44236AGUAYTIA_N,438409,0,329622,89007632,0,3,0,25,11,1,72,2
44236PARAMONGA_N,2336420,3,1755378,66841216,0,74,13,12,10,0,0,2
44236CHICLAYO_N,1566616,0,1176126,55294872,0,18,0,19,2,0,0,2
44236TRUJILLO_N,2870073,1,2155650,97682819,0,17,23,11,7,5,179,1
44237TINGOMARIA,133231,78,666965,5312882,133303,4,2,8,3,0,0,2
44237CHILCA1,203607,31,1020010,7411219,203619,17,2,1,1,0,0,2
44237TRUJILLNUEV,140545,1511,726695,11635432,141987,45,24,21,12,0,0,2
44237PARAGSHA2,88112,193,442570,1859339,88300,3,2,1,1,0,0,2
44237MARCONA,5553902,0,4166620,208437687,0,9,1,1,1,0,0,2
44237PARAGSHA_NVA,181778,408,913260,8948783,182179,3,4,5,5,7,166,2
44237PIURA2_N,3943936,1,2960576,117694158,0,71,1,40,40,0,0,2
44237ICA,161839,105,813090,12398606,161915,27,2,12,12,1,60,2
44237CHIMBOTENVA_N,761154,0,571848,20966647,0,14,1,8,6,0,0,2
44237INDEPE_N,865642,0,649336,36446486,0,3,1,28,2,1,83,1
44237LA_BREA,1038438,0,779584,31360935,0,3,1,2,2,0,0,2
44237AGUAYTIA_N,439821,0,331442,88766661,0,51,2,1,1,1,72,2
44237PARAMONGA_N,2433128,0,1826876,69404594,0,39,2,18,13,3,95,1
44238TOCACHE_N,908852,2,683412,25057208,0,8,0,9,9,1,292,1
44238HUACHO,108677,334,547130,6707518,108985,20,6,8,3,8,6732,1
44238VENTANILLA,186770,703,941925,6605938,187470,3,0,18,1,0,0,2
44238TRUJILLNUEV,146727,1426,751160,11687384,148129,24,0,16,5,0,0,2
44238MARCONA,5526230,0,4145758,207922978,0,4,0,5,7,0,0,2
44238PARAGSHA_NVA,182136,447,915430,8945798,182565,11,7,5,5,3,30,2
44238PIURA2_N,3845607,0,2886362,115072920,0,47,0,33,34,0,0,2
44238ICA,156617,125,789130,12531668,156698,42,2,14,14,4,2747,2
44238CHIMBOTENVA_N,733407,2,550954,20165291,0,15,0,3,1,0,0,2
44238INDEPE_N,912543,0,684480,38459350,0,3,0,32,2,17,5302,2
44238PARAMONGA_N,2431224,0,1825966,69554685,0,48,10,9,5,0,0,2
44238TRUJILLO_N,2862398,18,2149856,96404192,0,52,4,6,3,4,145,2
44239TOCACHE_N,913792,14,687460,25183197,0,41,4,6,4,0,0,2
44239HUACHO,104994,799,530715,6114000,105168,29,596,6,4,3,38,1
44239TRUJILLNUEV,146279,1440,749840,11808769,147695,24,0,9,5,2,22,2
44239PIURA2_N,3860727,0,2897524,115277864,0,40,0,54,53,0,0,2
44239ICA,132296,738,673610,10718022,132748,27,259,3,3,5,1414,2
44239CHIMBOTENVA_N,738451,0,554634,20308481,0,6,0,6,4,0,0,2
44239INDEPE_N,871325,0,653644,37135384,0,3,4,25,2,30,10121,2
44239CHAVARRIA_N,948131,0,712286,27133798,0,11,0,15,6,1,6,1
44239PARAMONGA_N,2421817,0,1818052,69037499,0,25,0,12,9,0,0,2
44239CHICLAYO_N,1725006,0,1294764,60906727,0,3,0,35,13,0,0,2
44240CVERDE,129599,252,650510,5609088,129848,3,0,2,1,0,0,2
44240CHILCA1,205947,29,1029985,6957858,205973,3,0,74,12,0,0,2
44240TRUJILLNUEV,151804,1430,776400,11319302,153216,14,4,20,5,0,0,2
44240MARCONA,5141692,0,3857274,203023839,0,3,0,1,2,0,0,2
44240PARAGSHA_NVA,182216,351,914790,8871288,182564,3,0,2,2,0,0,2
44240PIURA2_N,3752581,0,2816702,111261084,0,62,0,54,57,0,0,2
44240ICA,148428,649,753550,9303522,148934,8,135,9,9,0,0,2
44240CHIMBOTENVA_N,693048,0,520632,19060041,0,9,0,9,3,0,0,2
44240INDEPE_N,784239,0,588258,33212514,0,3,0,25,5,0,0,2
44240PARAMONGA_N,2259377,0,1696280,64156287,0,29,0,26,8,0,0,2
44240CHICLAYO_N,1679760,0,1261880,59275669,0,74,0,44,29,0,0,2
44241TRUJILLNUEV,151802,1491,777005,11851318,153270,23,0,37,6,0,0,2
44241MARCONA,5617194,0,4214018,209768009,0,5,0,7,7,0,0,2
44241CARABAYLLO,226266,383,1136070,9568941,226610,39,0,7,1,1,8,1
44241PARAGSHA_NVA,178673,379,897280,8836480,179047,5,0,5,5,1,52,2
44241HUANUCO_N,1431882,0,1075074,39021277,0,3,0,6,2,0,0,2
44241PIURA2_N,3820171,0,2867496,113380062,0,63,0,26,24,0,0,2
44241TINGOM_ETS_N,430019,0,323514,32287125,0,3,0,2,1,0,0,2
44241ICA,159312,85,798070,13328436,159385,12,0,5,3,0,0,2
44241CARAPONGO,726676,0,545448,33524396,0,3,0,26,5,1,122,2
44241CHIMBOTENVA_N,784588,0,589356,21634655,0,12,0,5,5,0,0,2
44241INDEPE_N,1007269,0,755576,43658950,0,3,2,116,20,25,1674,2
44241AGUAYTIA_N,274135,3,206218,56315525,0,3,4,1,1,0,0,2
44241PARAMONGA_N,2351064,0,1765616,66762852,0,65,0,12,3,0,0,2
44241CHICLAYO_N,1832503,0,1376606,65255781,0,92,0,31,2,0,0,2
44241PAPUJUNE,26420,3,20108,860875,0,0,12,53,1,4,26455,2
44242ZAPALLAL,223314,706,1120975,2476309,224015,5,0,12,1,0,0,2
44242HUACHO,111388,271,559940,6888834,111656,3,0,7,3,0,0,2
44242VENTANILLA,192284,602,968040,6353932,192875,11,0,29,4,1,6,1
44242TRUJILLNUEV,150745,1586,774590,11724046,152291,40,0,2,2,0,0,2
44242MARCONA,5688058,0,4267294,210700374,0,16,0,3,4,0,0,2
44242HUANUCO_N,1448683,0,1087746,39448982,0,9,0,6,2,1,78,1
44242PIURA2_N,3660972,0,2747672,106969313,0,32,0,55,46,0,0,2
44242DESIERTO,148466,183,743300,4970786,148646,3,0,6,2,0,0,2
44242CHIMBOTENVA_N,805734,0,605126,22242449,0,8,0,2,2,0,0,2
44242INDEPE_N,988172,0,742164,41706378,0,55,8,32,2,8,186,1
44242AGUAYTIA_N,451405,0,339386,94781967,0,5,0,1,1,0,0,2
44242COMBAPATA_N,3841735,2,2882058,132627762,0,3,6,6,3,2,246,2
44242PARAMONGA_N,2506758,0,1881838,71124273,0,31,0,10,7,0,0,2
44243ZAPALLAL,227404,1428,1145075,2401546,228817,15,0,10,1,0,0,2
44243HUACHO,115866,216,581970,6644684,116052,30,0,6,1,0,0,2
44243VENTANILLA,197557,458,993365,6329026,197950,63,2,25,4,0,0,2
44243TRUJILLNUEV,154920,1383,790555,11384365,156298,5,0,7,7,0,0,2
44243MARCONA,5639973,0,4231122,209368289,0,9,0,15,2,0,0,2
44243PIURA2_N,3424707,0,2570768,99933117,0,59,0,59,55,0,0,2
44243ICA,171432,80,858225,11271930,171509,3,0,12,12,0,0,2
44243CHIMBOTENVA_N,676208,0,507962,18604480,0,5,0,4,2,0,0,2
44243CHAVARRIA_N,898468,3,675236,25462154,0,17,0,5,1,0,0,2
44243PARAMONGA_N,2147562,0,1612652,60598384,0,41,0,2,1,0,0,2
44244SOCABAYA_N,1893737,0,1421300,61591724,0,5,0,6,4,4,34479,2
44244MARCONA,5502807,0,4128664,209813698,0,34,0,1,1,1,18,1
44244PARAGSHA_NVA,180884,395,908570,8941959,181259,3,17,1,1,9,33978,2
44244HUANUCO_N,1367378,0,1026666,37255847,0,3,0,3,1,4,98,1
44244PIURA2_N,3759934,0,2822252,111814983,0,65,0,79,76,1,18,1
44244ICA,166006,72,831600,12278879,166062,16,0,6,6,2,242,2
44244CHIMBOTENVA_N,747298,0,561342,20592460,0,9,0,7,5,1,18,2
44244INDEPE_N,885619,0,664296,37055683,0,3,0,20,4,15,37141,2
44244AGUAYTIA_N,453464,0,340920,94789194,0,3,0,9,4,3,108,2
44244PARAMONGA_N,2459764,0,1846404,69597735,0,15,0,14,5,1,18,1
44245SOCABAYA_N,1888341,0,1417548,61196697,0,15,6,6,4,0,0,2
44245TRUJILLNUEV,147263,1417,752225,11144630,148669,3,8,6,6,0,0,2
44245MARCONA,5579862,0,4185992,213553941,0,4,1,0,1,0,0,2
44245CARABAYLLO,240575,283,1206905,8895063,240819,35,4,28,2,0,0,2
44245HUANUCO_N,1386838,0,1041398,37686679,0,6,2,3,1,21,136,1
44245PIURA2_N,3865108,0,2901682,113944920,0,83,2,76,67,0,0,2
44245TINGOM_ETS_N,394937,0,297408,30113782,0,13,2,4,1,0,0,2
44245ICA,165412,71,831625,12235703,165470,9,4,6,6,0,0,2
44245CHIMBOTENVA_N,660401,0,496200,18143301,0,10,2,7,5,0,0,2
44245INDEPE_N,874568,0,656102,37191388,0,3,5,18,1,11,327,1
44245PUCALLPA_N,210403,0,158872,43055205,0,17,2,9,4,0,0,2
44245AGUAYTIA_N,450659,0,339268,94573519,0,21,7,12,3,0,0,2
44245PARAMONGA_N,2396257,0,1799102,67681683,0,33,2,11,3,0,0,2
44245PAPUJUNE,37505,0,28398,1181153,0,1,6,5,5,9,30321,2
44246TRUJILLNUEV,138597,1428,709630,11660419,140016,9,0,4,4,0,0,2
44246MARCONA,5706652,0,4281176,215498295,0,5,0,0,1,0,0,2
44246CARABAYLLO,232025,402,1167390,9268401,232388,39,0,29,1,0,0,2
44246PARAGSHA_NVA,181795,413,913395,8941757,182205,3,0,1,1,2,32,2
44246HUANUCO_N,1415980,0,1063210,38499148,0,7,0,1,1,0,0,2
44246PIURA2_N,4096905,0,3075502,121479718,0,79,0,45,44,0,0,2
44246ICA,166093,89,834025,12209757,166170,12,0,13,13,0,0,2
44246CHIMBOTENVA_N,734843,0,552016,20239309,0,10,0,6,4,0,0,2
44246INDEPE_N,873548,0,655308,36472569,0,3,3,12,1,1,80,1
44246PARAMONGA_N,2426715,0,1821772,68522251,0,25,0,13,3,0,0,2
44247CHILCA1,210310,33,1052270,6928272,210333,10,0,7,1,0,0,2
44247HUACHO,116870,189,586480,6591668,117056,3,0,20,5,1,18,2
44247TRUJILLNUEV,142463,1333,728215,11336959,143789,7,0,6,6,1,102,2
44247AUCAYACU_N,589055,0,442434,20531959,0,3,0,1,1,0,0,2
44247MARCONA,5653576,0,4241296,214395826,0,4,0,4,3,0,0,2
44247PARAGSHA_NVA,191496,352,961330,9191223,191841,4,3,5,5,5,126,2
44247PIURA2_N,3986028,2,2992030,117565710,0,54,0,33,28,0,0,2
44247PLANICIE,205822,259,1031800,6608366,206078,3,0,35,4,2,1570,2
44247ICA,171691,86,860330,11325049,171751,26,0,28,27,1,240,2
44247CHIMBOTENVA_N,683180,0,513228,18773846,0,9,0,7,5,0,0,2
44247INDEPE_N,801980,0,601566,33676290,0,3,0,22,2,4,130,1
44247REQUE,1819134,0,1365302,55947963,0,3,2,40,2,0,0,2
44247PARAMONGA_N,2391794,1,1795740,67551802,0,37,0,6,3,0,0,2
44247CHICLAYO_N,1710878,0,1284204,60629392,0,3,0,46,30,0,0,2
44247TRUJILLO_N,3096355,11,2325204,100827767,0,29,11,6,2,0,0,2
44248TINGOMARIA,135632,193,680105,5316575,135820,5,0,16,1,0,0,2
44248CHILCA1,209316,39,1047760,7058813,209345,10,0,9,2,0,0,2
44248HUACHO,120383,294,605460,6165004,120605,69,3,14,5,1,8,1
44248TRUJILLNUEV,142521,1314,727850,11550127,143818,8,9,16,3,0,0,2
44248MARCONA,5538117,0,4154820,213575622,0,12,0,2,7,0,0,2
44248PARAGSHA_NVA,182520,412,917040,8966422,182915,9,8,10,9,4,42,2
44248HUANUCO_N,1390838,0,1044282,37838292,0,3,0,3,1,0,0,2
44248PIURA2_N,3997397,0,3000288,117942617,0,39,0,25,16,0,0,2
44248PLANICIE,197016,476,992505,6434087,197307,54,131,12,1,0,0,2
44248ICA,165179,69,830020,12354492,165214,31,3,14,8,0,0,2
44248CHIMBOTENVA_N,731661,0,549640,20220456,0,10,0,6,2,0,0,2
44248INDEPE_N,889975,0,667600,37756599,0,3,1,38,19,0,0,2
44248REQUE,1782097,0,1338010,54299184,0,43,0,42,1,0,0,2
44248PUCALLPA_N,204183,0,153972,41652813,0,3,0,30,24,1,107,2
44248AGUAYTIA_N,456225,0,342968,94816647,0,3,0,11,11,0,0,2
44248PARAMONGA_N,2407284,0,1807120,67947657,0,19,0,11,5,0,0,2
44248CHICLAYO_N,1612124,0,1211378,55993509,0,95,0,9,4,0,0,2
44248PAPUJUNE,37905,1,28756,1286908,0,1,10,10,8,24,27575,2
44249SANTUARIO,138269,0,721763,8448454,136813,3,14,3,3,9,26,1
44249HUACHO,117024,243,588100,6506272,117229,36,2,1,1,0,0,2
44249TRUJILLNUEV,143659,1358,734505,11025657,144998,19,0,2,2,0,0,2
44249MARCONA,5527583,0,4146912,213718479,0,12,0,0,1,0,0,2
44249PARAGSHA_NVA,188279,397,945890,9261593,188649,18,9,3,3,4,94,2
44249HUANUCO_N,1412004,0,1060206,38399401,0,6,0,3,1,0,0,2
44249PIURA2_N,3848925,1,2888826,111976493,0,31,0,32,31,0,0,2
44249TINGOM_ETS_N,430707,0,324046,32481824,0,4,0,4,1,0,0,2
44249PLANICIE,200080,311,1005060,6600079,200376,15,0,42,5,2,10,1
44249ICA,163164,86,818785,12582876,163229,21,0,15,15,0,0,2
44249CHIMBOTENVA_N,753342,0,565878,20795253,0,9,0,5,3,0,0,2
44249INDEPE_N,877571,0,658260,36294382,0,3,0,24,2,10,69,1
44249REQUE,1753224,0,1316412,53276689,0,45,0,42,3,1,6,1
44249PUCALLPA_N,163602,8,124548,31547676,0,63,9,4,4,0,0,2
44249PARAMONGA_N,2212310,1,1661110,62312379,0,35,0,18,9,0,0,2
44249POROMA,770958,0,579480,21472698,0,3,0,8,6,0,0,2
44250HUACHO,117680,183,590455,6552985,117855,8,0,1,1,2,8,1
44250TRUJILLNUEV,145291,1358,742160,10615494,146642,7,0,2,2,1,16,2
44250MARCONA,5568065,0,4177174,212985627,0,4,0,0,1,0,0,2
44250PARAGSHA_NVA,183992,361,923905,9017028,184338,7,8,1,1,5,65,2
44250HUANUCO_N,1346767,0,1011252,36621244,0,6,0,3,1,1,2,1
44250PIURA2_N,3699026,2,2776578,107606690,0,44,0,23,19,0,0,2
44250PLANICIE,206249,320,1038920,6033827,206511,54,4,38,3,1,8,1
44250ICA,179140,83,896765,10030430,179205,18,0,19,19,1,220,2
44250CHIMBOTENVA_N,665277,1,499888,18295295,0,11,0,4,2,0,0,2
44250INDEPE_N,672958,0,504816,27659125,0,3,0,28,1,15,96,1
44250REQUE,1596212,1,1198702,48447176,0,44,2,38,1,0,0,2
44250AGUAYTIA_N,458834,0,344958,94854251,0,3,0,1,1,0,0,2
44250PARAMONGA_N,2335082,0,1753360,65978989,0,49,0,12,5,0,0,2
44251TOCACHE_N,846088,30,636518,23171148,0,5,30,6,1,3,796,1
44251TRUJILLNUEV,146946,1305,750975,10881879,148244,5,2,2,2,1,76,2
44251AUCAYACU_N,579281,0,435216,20209484,0,5,1,6,6,1,16,2
44251PARAGSHA_NVA,181897,364,913480,8956985,182252,4,5,4,4,6,173,2
44251HUANUCO_N,1390183,0,1043890,37778352,0,6,1,3,1,2,25,1
44251PIURA2_N,3803831,0,2855060,111059583,0,28,1,9,7,1,15,1
44251PLANICIE,205150,277,1032830,6526251,205382,43,2,31,3,1,46,1
44251ICA,165027,85,828495,12342954,165088,22,2,23,23,1,79,2
44251CHIMBOTENVA_N,671499,0,504524,18478093,0,7,1,9,6,1,15,2
44251INDEPE_N,872389,0,654422,36890394,0,3,2,26,2,14,2102,2
44251AGUAYTIA_N,457393,0,343920,94797000,0,5,1,1,1,1,18,1
44251PARAMONGA_N,2340668,0,1757302,66228643,0,27,1,13,4,1,18,1
44252TOCACHE_N,891466,29,670744,24472479,0,25,24,3,3,3,630,1
44252TRUJILLNUEV,142906,1456,731625,11314463,144355,5,2,6,6,0,0,2
44252MARCONA,5539284,0,4155592,213187135,0,3,1,2,3,0,0,2
44252PIURA2_N,3935935,0,2953910,115668853,0,13,1,16,13,0,0,2
44252ICA,172054,83,863420,11084253,172104,31,2,21,21,0,0,2
44252CHIMBOTENVA_N,731324,0,549444,20130549,0,11,1,8,6,0,0,2
44252INDEPE_N,760079,0,570166,32073177,0,3,1,24,2,10,100,1
44252AGUAYTIA_N,458791,0,344976,94841582,0,5,1,1,1,0,0,2
44252PARAMONGA_N,2358254,0,1770582,66787979,0,35,1,14,6,1,44,1
44253TRUJILLNUEV,143636,1406,734300,11590059,145033,9,0,2,2,1,310,2
44253LANINA_N,2611472,0,1960340,77314928,0,5,0,2,2,1,4,2
44253PARAGSHA_NVA,181424,356,910920,8899128,181774,3,3,2,2,3,70,2
44253PIURA2_N,4015449,0,3013604,118120224,0,20,0,45,40,1,4,1
44253ICA,169216,85,847855,11550205,169277,24,0,15,15,1,8,2
44253CHIMBOTENVA_N,742664,0,557900,20465762,0,11,0,4,2,1,4,2
44253INDEPE_N,819746,0,614910,34720333,0,3,0,25,4,33,15049,2
44253PARAMONGA_N,2379873,0,1786784,67739218,0,34,1,17,5,1,4,1
44253SOCABAYA_REP_N,0,0,0,0,0,0,0,16,9,0,0,2
44254TOCACHE_N,892238,7,670902,24491549,0,3,12,2,1,6,3325,1
44254SOCABAYA_N,1945327,0,1460050,63266524,0,3,1,4,4,0,0,2
44254TRUJILLNUEV,144741,1346,739195,11493978,146079,5,3,7,7,1,6,2
44254OLLEROS,203410,511,1021670,2292078,203916,3,2,9,6,4,70,1
44254LANINA_N,2603965,0,1954830,77161621,0,5,1,6,6,0,0,2
44254YARABAMBA,4118428,0,3090046,213023602,0,3,1,2,2,0,0,2
44254MARCONA,5583903,0,4189030,213941638,0,3,1,11,2,0,0,2
44254PARAGSHA_NVA,184999,359,929000,9001839,185342,7,9,2,2,6,200,2
44254PIURA2_N,4039367,0,3031954,119396485,0,48,1,30,26,0,0,2
44254ICA,166596,75,833940,12005776,166651,18,2,11,11,1,282,2
44254CARAPONGO,682891,0,512702,31069697,0,9,2,7,6,2,244,2
44254CHIMBOTENVA_N,718302,0,539618,19769297,0,7,1,8,6,0,0,2
44254INDEPE_N,828254,0,621366,35282489,0,3,3,18,1,0,0,2
44254AGUAYTIA_N,455085,0,342166,94475271,0,3,1,1,1,0,0,2
44254PARAMONGA_N,2371143,0,1780350,67652303,0,41,1,16,10,1,2,1
44254TRUJILLO_N,3149721,0,2364116,103268356,0,4,1,10,5,3,101,2
44255CHILCA1,208047,76,1041095,7139749,208116,7,0,13,5,1,14,2
44255HUACHO,117063,179,587375,6605552,117239,3,0,41,11,8,66,1
44255TRUJILLNUEV,146039,1357,746650,11347712,147378,16,2,7,3,1,26,2
44255YARABAMBA,4159680,2,3121014,213577764,0,5,1,5,5,0,0,2
44255AUCAYACU_N,492451,0,370032,18432325,0,3,0,1,1,0,0,2
44255MARCONA,5663566,1,4249034,211552427,0,23,0,13,8,0,0,2
44255GUADALUPE_N,1473830,0,1106698,41085237,0,19,0,8,2,0,0,2
44255PARAGSHA_NVA,190075,358,954300,9198433,190411,9,13,5,5,4,94,2
44255PIURA2_N,4055551,0,3043956,119955079,0,33,0,26,15,0,0,2
44255SANJUAN_N,996127,0,748676,27512571,0,5,0,97,3,0,0,2
44255CARAPONGO,662185,0,497196,31038953,0,10,2,12,2,3,249,2
44255CHIMBOTENVA_N,724337,4,544262,19945744,0,21,0,26,6,2,207,2
44255PARAMONGA_N,2351319,1,1765424,67223166,0,34,1,5,3,0,0,2
44255TRUJILLO_N,2989964,11,2245380,97322441,0,35,11,8,4,1,43,1
44255SOCABAYA_REP_N,49796,0,16582,1555570,0,5,14,21,3,0,0,2
44256HUACHO,114528,326,577375,6625444,114721,116,17,2,1,27,3527,1
44256TRUJILLNUEV,140052,1432,717755,12046190,141472,10,2,3,3,0,0,2
44256LANINA_N,2574227,0,1932492,76231219,0,5,1,2,2,0,0,2
44256AUCAYACU_N,495077,1,372040,18479416,0,7,1,14,10,0,0,2
44256GUADALUPE_N,1471392,0,1105070,41033557,0,19,1,13,1,0,0,2
44256PARAGSHA_NVA,179143,405,900135,8908999,179535,8,5,7,7,3,108,2
44256PIURA2_N,3874055,0,2907816,112133301,0,29,1,50,46,0,0,2
44256ICA,162620,78,816015,12242537,162691,5,2,6,6,1,184,2
44256CHIMBOTENVA_N,735245,1,552678,20188867,0,28,5,3,3,0,0,2
44256AGUAYTIA_N,455716,0,342640,94816013,0,3,1,3,1,0,0,2
44256PARAMONGA_N,2451307,0,1840082,70322728,0,13,1,28,6,0,0,2
44258SANTUARIO,143934,1,750246,7474112,142472,3,20,6,6,4,14,1
44258TRUJILLNUEV,145631,1372,744195,11410567,146994,9,0,4,4,0,0,2
44258LANINA_N,2614445,0,1962702,77530384,0,5,0,6,6,3,472,2
44258AUCAYACU_N,516261,0,387888,18723746,0,3,0,8,8,0,0,2
44258PARAGSHA_NVA,181170,437,910550,8952508,181588,11,8,2,2,4,53,2
44258HUANUCO_N,1398612,0,1050108,38101830,0,3,0,3,1,1,6,1
44258PIURA2_N,4001546,0,3003268,118028969,0,28,0,36,31,0,0,2
44258CHIMBOTENVA_N,696810,0,523444,19107117,0,7,0,5,3,0,0,2
44258REQUE,1845298,0,1384848,57298101,0,3,0,4,1,0,0,2
44258CHAVARRIA_N,884900,16,665316,24981917,0,39,0,9,2,0,0,2
44258PARAMONGA_N,2361859,0,1773088,67331715,0,25,0,8,6,0,0,2
44260SOCABAYA_N,1938207,0,1454910,62575992,0,20,1,6,4,0,0,2
44260TRUJILLNUEV,149517,1349,763330,10598614,150856,3,7,5,5,0,0,2
44260LANINA_N,2551493,0,1915500,75377836,0,8,1,3,3,0,0,2
44260MARCONA,5709308,0,4283144,214573761,0,4,1,2,4,0,0,2
44260PARAGSHA_NVA,184136,380,924935,8994120,184506,8,2,1,1,3,54,2
44260HUANUCO_N,1328509,0,997618,36105438,0,6,1,3,1,3,30,1
44260PIURA2_N,3619023,0,2717258,105479903,0,37,16,16,15,3,97,1
44260MOQUEGUA_N,32535,0,24820,1822398,0,10,109,24,7,2,112,1
44260ICA,180578,61,904660,9425879,180634,3,2,6,6,0,0,2
44260CARAPONGO,636619,0,478110,26360768,0,20,1,21,5,0,0,2
44260CHIMBOTENVA_N,649612,0,488122,17794970,0,9,1,8,6,0,0,2
44260INDEPE_N,599769,0,449914,25320228,0,3,1,19,3,4,1952,2
44260ABANCAY,1671142,3,1254578,46497573,0,9,2,2,1,0,0,2
44260CHAVARRIA_N,926905,0,696392,26335348,0,7,1,43,16,0,0,2
44260PARAMONGA_N,2321766,0,1742880,65655135,0,11,1,5,2,0,0,2
44260TRUJILLO_N,3086465,0,2316714,99918714,0,5,1,29,18,0,0,2
44260SOCABAYA_REP_N,425031,0,319690,11746774,0,6,4,11,9,0,0,2
44262CHILCA1,207430,30,1044140,7179680,207344,116,0,14,3,0,0,2
44262HUACHO,116533,171,584605,6565517,116701,3,0,44,12,0,0,2
44262SOCABAYA_N,1934700,0,1452030,62711586,0,3,0,4,4,0,0,2
44262TRUJILLNUEV,148218,1408,757820,10593223,149620,6,0,2,2,0,0,2
44262LANINA_N,2524510,0,1895150,74544962,0,5,0,3,3,0,0,2
44262MARCONA,5589752,0,4193478,214266098,0,6,0,2,3,0,0,2
44262CARABAYLLO,241162,332,1209965,8716710,241450,44,0,23,1,0,0,2
44262GUADALUPE_N,1384747,4,1042202,38672380,0,188,0,60,1,0,0,2
44262PARAGSHA_NVA,185037,462,930180,9125696,185485,8,6,8,8,3,78,2
44262PIURA2_N,3533571,0,2652080,103135169,0,35,0,29,22,0,0,2
44262ICA,152076,64,762760,13405217,152124,16,0,3,3,0,0,2
44262CARAPONGO,711043,0,533726,32793623,0,5,0,13,2,0,0,2
44262CHIMBOTENVA_N,608466,5,457294,16686462,0,18,0,3,1,0,0,2
44262CHAVARRIA_N,923028,0,693926,26309452,0,11,6,10,2,0,0,2
44262AGUAYTIA_N,457184,0,343716,94779029,0,3,0,1,1,0,0,2
44262PARAMONGA_N,2382562,0,1788812,67359863,0,39,0,19,5,1,56,1
44262CHICLAYO_N,1671613,0,1254750,58703169,0,3,0,8,4,0,0,2
44262TRUJILLO_N,3149928,1,2364792,95764560,0,14,5,10,2,0,0,2
44263TOCACHE_N,875096,3,658010,23973182,0,11,0,4,1,0,0,2
44263HUACHO,111401,305,562105,6876996,111596,110,0,35,6,1,4,1
44263TRUJILLNUEV,140434,1431,718695,12278742,141860,5,0,2,2,0,0,2
44263LANINA_N,2705681,1,2031166,80269908,0,8,0,3,3,0,0,2
44263AUCAYACU_N,562129,0,422280,19876942,0,3,0,3,1,0,0,2
44263GUADALUPE_N,1480394,6,1113542,41244473,0,140,0,51,3,0,0,2
44263PARAGSHA_NVA,184236,329,924840,9071189,184550,12,3,13,13,2,60,2
44263PIURA2_N,3824854,0,2870498,113306971,0,35,0,21,19,1,2,2
44263PLANICIE,205033,256,1027770,6736512,205286,3,0,36,3,2,10,1
44263ICA,154379,91,773500,12753430,154464,6,0,8,8,0,0,2
44263CARAPONGO,714711,0,536662,31772284,0,16,0,3,2,0,0,2
44263CHIMBOTENVA_N,699621,0,525534,19245685,0,6,0,6,2,0,0,2
44263INDEPE_N,892873,0,669998,36974038,0,3,11,37,13,8,3696,1
44263LA_BREA,1090486,0,818556,33849808,0,3,0,13,1,0,0,2
44263CHAVARRIA_N,828272,4,622472,23413569,0,11,0,16,4,1,6,1
44263AGUAYTIA_N,454389,0,341648,94814029,0,5,0,4,3,6,614,1
44263PARAMONGA_N,2471369,1,1855712,70600456,0,52,1,68,13,0,0,2
44263TRUJILLO_N,3216297,0,2414134,101370389,0,13,0,29,12,0,0,2
44263PAPUJUNE,58169,0,24106,3730457,0,23,2,9,1,0,0,2
44263SOCABAYA_REP_N,509506,0,382968,14075477,0,9,0,6,1,0,0,2
44264VENTANILLA,203681,304,1021885,6201588,203950,35,0,15,1,1,1,1
44264SOCABAYA_N,1938243,0,1454652,62854468,0,3,0,2,2,0,0,2
44264TRUJILLNUEV,154221,1350,785820,10115611,155566,5,0,1,1,0,0,2
44264LANINA_N,2517809,0,1890120,74317401,0,6,0,2,2,1,2,2
44264MARCONA,5678420,0,4259928,214967606,0,3,0,2,2,1,984,1
44264GUADALUPE_N,1391532,0,1046286,38769026,0,111,0,46,3,0,0,2
44264PARAGSHA_NVA,183534,434,922565,9075117,183952,16,0,4,4,6,188,2
44264PIURA2_N,3694159,0,2772426,109314295,0,26,1,53,54,1,19,1
44264PLANICIE,204891,300,1031175,6613477,205144,43,4,38,3,0,0,2
44264CARAPONGO,674979,1,506776,30496934,0,11,0,4,2,1,120,2
44264CHIMBOTENVA_N,548201,0,412020,14998968,0,9,0,5,3,1,218,2
44264INDEPE_N,835974,0,627582,35923847,0,15,12,11,6,14,3115,2
44264CHAVARRIA_N,881106,6,662442,24983443,0,24,0,16,4,0,0,2
44264PUCALLPA_N,192078,9,145084,38215994,0,12,5,1,1,0,0,2
44264AGUAYTIA_N,385489,0,290476,79779779,0,12,13,1,1,8,6936,1
44264PARAMONGA_N,2359460,0,1773256,66767754,0,154,0,25,8,0,0,2
44264PAPUJUNE,74823,0,45042,4434373,0,24,0,20,6,80,6072,2
44265TRUJILLNUEV,148872,1357,759430,11031088,150225,4,0,4,4,0,0,2
44265LANINA_N,2550081,0,1914444,75468901,0,5,1,2,2,0,0,2
44265MARCONA,5315843,0,3988006,208875690,0,5,2,0,1,0,0,2
44265PARAGSHA_NVA,183539,433,922365,9034973,183941,7,24,3,3,6,246,2
44265PIURA2_N,3638606,0,2731334,107811037,0,64,4,50,53,0,0,2
44265ICA,157611,104,789710,12240876,157712,3,0,21,21,0,0,2
44265CARAPONGO,673096,0,505300,29514125,0,6,1,2,2,0,0,2
44265CHIMBOTENVA_N,656433,3,493280,18012280,0,14,3,3,1,0,0,2
44265INDEPE_N,859736,0,645290,37322332,0,7,13,40,21,18,2645,1
44265AGUAYTIA_N,147775,0,112340,28624966,0,5,23,2,2,11,4446,1
44265PARAMONGA_N,2348857,0,1763830,66432840,0,61,0,21,2,0,0,2
44265SOCABAYA_REP_N,535046,0,402148,15227855,0,3,4,10,7,0,0,2
44266TRUJILLNUEV,148936,1355,760045,11086227,150284,7,0,4,3,0,0,2
44266LANINA_N,2558762,0,1920818,75686532,0,5,0,9,3,0,0,2
44266JULIACA_N,158624,0,119784,6073123,0,3,0,14,14,0,0,2
44266MARCONA,5597167,0,4198978,214149277,0,4,0,6,3,0,0,2
44266CARHUAMAYO,111693,228,560855,5174730,111897,4,20,15,2,0,0,2
44266PIURA2_N,3595809,0,2699194,106643347,0,61,0,54,54,0,0,2
44266ICA,160488,96,805845,11830156,160560,24,0,27,27,1,18,2
44266INDEPE_N,810350,0,608346,36322781,0,22,8,16,8,13,11781,2
44266AGUAYTIA_N,150752,0,114852,28992743,0,7,31,1,1,25,3456,1
44266PARAMONGA_N,2359804,0,1771944,66702609,0,51,0,40,13,0,0,2
44266SOCABAYA_REP_N,486985,0,366170,13407314,0,7,8,5,1,0,0,2
44267CVERDE,135664,3,678400,5665943,135664,3,0,4,4,2,4,2
44267LANINA_N,2483547,0,1864572,73214140,0,12,0,7,1,0,0,2
44267PIURA2_N,3199845,0,2402262,92598546,0,63,0,30,31,0,0,2
44267ICA,160703,88,805475,12348616,160755,33,3,21,21,1,2,2
44267CARAPONGO,646798,0,485518,30063646,0,3,1,4,4,1,4,2
44267CHIMBOTENVA_N,604541,0,454226,16561430,0,5,0,3,1,0,0,2
44267INDEPE_N,784181,0,588612,37606140,0,11,13,28,14,18,1267,1
44267PARAMONGA_N,2365024,0,1776330,66915104,0,84,0,45,16,0,0,2
44267SOCABAYA_REP_N,522385,0,392616,14350896,0,9,0,3,2,0,0,2
44268TRUJILLNUEV,159174,1295,809635,9059188,160464,3,2,3,3,0,0,2
44268LANINA_N,2350453,0,1764776,68965301,0,10,1,3,3,1,56,2
44268MARCONA,5543427,0,4158688,213133750,0,3,1,1,1,0,0,2
44268GUADALUPE_N,1270653,1,954314,35418864,0,4,7,59,6,3,214,1
44268HUANUCO_N,1314634,0,987212,35727266,0,4,1,3,1,0,0,2
44268PIURA2_N,2931912,0,2201036,83163856,0,37,1,52,49,4,229,1
44268MOQUEGUA_N,30670,0,1330,2199076,0,3,1,10,2,13,2930,2
44268ICA,166456,78,833390,12109205,166508,24,2,21,21,0,0,2
44268CARAPONGO,684000,0,513482,30778197,0,7,1,3,2,7,853,2
44268CHIMBOTENVA_N,442057,0,332410,12039514,0,6,1,11,4,4,266,2
44268INDEPE_N,888818,0,667088,41975315,0,17,9,77,44,26,4461,2
44268PARAMONGA_N,2059176,0,1547092,57682986,0,93,1,24,10,1,56,1
44268CHICLAYO_N,1370035,0,1028566,46607818,0,3,1,27,10,18,942,2
44268TRUJILLO_N,2726143,0,2046494,84926044,0,4,1,7,4,11,518,1
44269SANNICOLAS,69767,29474,496340,1772858,99238,3,0,3,3,1,18,1
44269LANINA_N,2350896,0,1764904,69406574,0,6,1,2,2,0,0,2
44269YARABAMBA,4113946,0,3086640,211296398,0,3,0,1,1,0,0,2
44269MARCONA,5599471,0,4200734,214156085,0,5,0,3,1,0,0,2
44269PARAGSHA_NVA,182253,375,915345,8986256,182625,3,0,3,3,1,52,2
44269PIURA2_N,2722990,0,2044774,78261433,0,58,6,19,18,1,71,1
44269TINGOM_ETS_N,417960,0,314482,31911394,0,4,0,14,6,0,0,2
44269SANJUAN_N,938686,0,705764,26000888,0,5,0,60,1,0,0,2
44269INDEPE_N,1100772,0,826966,55835530,0,61,18,13,9,38,11660,2
44269CHAVARRIA_N,923454,0,693802,26337330,0,7,0,11,3,1,6,1
44269PUCALLPA_N,191606,0,144552,38378065,0,3,0,31,10,1,90,2
44269AGUAYTIA_N,143017,0,108762,26164120,0,5,22,35,24,5,3646,2
44269PARAMONGA_N,1929585,0,1449248,54286847,0,49,1,42,5,0,0,2
44269CHICLAYO_N,1293066,4,972200,44742754,0,57,37,72,30,4,222,1
44270HUACHO,119679,156,600145,6299662,119832,3,0,46,14,9,361,2
44270SANNICOLAS,72134,28174,501665,1726623,100302,3,3,3,2,2,20,1
44270SOCABAYA_N,1933062,0,1450806,62786268,0,3,0,20,15,2,10,1
44270TRUJILLNUEV,155074,1324,789760,9713132,156395,3,0,3,3,0,0,2
44270LANINA_N,2396056,0,1798622,70865841,0,5,0,3,3,0,0,2
44270MARCONA,5629433,0,4223276,214521751,0,8,0,4,1,0,0,2
44270PARAGSHA_NVA,181761,359,912650,8940900,182114,6,0,3,3,1,28,2
44270PIURA2_N,2655425,0,1993358,75073188,0,25,1,40,39,4,166,1
44270ICA,165052,64,827585,12415960,165105,11,0,12,12,1,40,2
44270CARAPONGO,669671,0,502922,29442103,0,9,11,8,6,0,0,2
44270CHIMBOTENVA_N,478407,2,359992,13119063,0,7,17,12,6,0,0,2
44270INDEPE_N,1178404,8,885934,61560409,0,68,52,15,15,9,9096,2
44270AGUAYTIA_N,108409,4,83358,18202416,0,83,10,2,2,0,0,2
44270PARAMONGA_N,1916376,0,1439832,53401738,0,87,0,23,11,0,0,2
44271VENTANILLA,199964,311,1003520,6646062,200235,40,0,41,1,1,4,1
44271SOCABAYA_N,1941474,0,1457394,62970135,0,23,1,21,16,4,34643,2
44271TRUJILLNUEV,145251,1377,741740,11455809,146622,6,0,5,5,1,12,2
44271LANINA_N,2543403,0,1909158,75705332,0,6,0,6,6,1,460,2
44271PIURA2_N,3431705,1,2576458,100524730,0,50,9,39,40,12,11464,2
44271ICA,154531,95,774055,12859316,154596,28,2,12,12,1,34091,2
44271CHIMBOTENVA_N,698196,3,524622,19236444,0,21,0,2,2,1,74,2
44271INDEPE_N,1155027,1,867582,71820655,0,27,37,20,19,0,0,2
44271ABANCAY,1707184,0,1281510,47456534,0,3,0,1,1,0,0,2
44271AGUAYTIA_N,146565,0,110830,27479270,0,7,0,2,2,12,1193,1
44271PARAMONGA_N,2350158,0,1764670,66708125,0,46,0,17,8,1,458,1
44272ZAPALLAL,236326,754,1186080,2404638,237065,13,2,10,1,0,0,2
44272HUACHO,117901,177,591585,6316550,118073,3,2,13,5,2,14,1
44272TRUJILLNUEV,148134,1368,756940,10876296,149489,9,4,7,7,0,0,2
44272LANINA_N,2480527,0,1862286,73666210,0,9,4,24,6,1,168,2
44272YARABAMBA,4095780,0,3073088,211398031,0,4,1,2,2,0,0,2
44272MARCONA,5552394,0,4165470,213697655,0,5,1,2,1,0,0,2
44272PARAGSHA_NVA,183162,381,919910,8973753,183538,3,2,3,3,1,26,2
44272PIURA2_N,2633817,0,1978450,75287220,0,46,21,32,24,0,0,2
44272SANJUAN_N,888761,5,668730,24723137,0,3,10,63,1,1,76,2
44272ICA,159676,67,801380,12758965,159725,16,2,6,6,1,202,2
44272MOLLEPATA,2199817,0,1650934,63105323,0,3,1,7,7,0,0,2
44272CARAPONGO,687224,0,515886,32062719,0,3,3,8,6,0,0,2
44272CHIMBOTENVA_N,689950,2,518326,18994812,0,9,3,9,5,0,0,2
44272INDEPE_N,1326086,1,994972,91961102,0,25,1,24,23,0,0,2
44272AGUAYTIA_N,133316,2,101516,24318374,0,8,30,1,1,8,4112,2
44272PARAMONGA_N,2370961,0,1780340,67034798,0,37,4,34,10,0,0,2
44272SOCABAYA_REP_N,688698,0,517954,19659547,0,26,16,22,6,0,0,2
44273CVERDE,134965,65,675385,5582882,135028,2,0,4,3,0,0,2
44273ZAPALLAL,235701,726,1183050,2390974,236415,12,0,10,1,0,0,2
44273CHILCA1,208426,30,1042960,7215413,208442,14,0,49,8,0,0,2
44273HUACHO,120901,191,606880,6174573,121057,28,7,6,1,1,8,1
44273TRUJILLNUEV,148579,1349,757965,10879979,149919,9,0,2,2,0,0,2
44273LANINA_N,2521630,1,1893344,74360094,0,26,2,8,8,0,0,2
44273HUANUCO_N,1345370,0,1010196,36532452,0,2,1,3,1,0,0,2
44273PIURA2_N,3241548,0,2433110,92985736,0,35,0,21,18,0,0,2
44273ICA,159933,67,802710,12988372,159990,7,3,3,3,0,0,2
44273CARAPONGO,696352,0,522778,31741922,0,10,0,8,4,0,0,2
44273INDEPE_N,1342994,5,1007974,94247184,0,54,0,18,17,2,76,1
44273AGUAYTIA_N,136228,0,103584,25127829,0,4,21,4,4,4,224,2
44273PARAMONGA_N,2402984,0,1804510,67921836,0,70,0,7,3,0,0,2
44274AZANGARO,204135,304,1023715,2201289,204436,3,0,3,2,1,2,1
44274CHILCA1,208812,38,1048620,7098641,208776,74,0,6,1,1,8,2
44274TRUJILLNUEV,151946,1348,774320,10282655,153292,2,0,5,5,1,2,2
44274LANINA_N,2470285,0,1854374,72932340,0,8,0,4,4,0,0,2
44274MARCONA,5665355,0,4250028,214833837,0,0,0,4,4,0,0,2
44274HUANUCO_N,1319169,0,990438,35817601,0,3,0,3,1,1,2,1
44274PIURA2_N,2993202,0,2246808,85023134,0,23,4,37,35,0,0,2
44274ICA,160530,112,803795,12797237,160639,3,0,12,12,1,12,2
44274CARAPONGO,641631,0,481706,26320112,0,8,0,3,2,1,2,2
44274CHIMBOTENVA_N,532438,0,400090,14560062,0,2,1,5,5,0,0,2
44274INDEPE_N,1324930,0,994170,93753137,0,23,4,7,7,1,34,1
44274LA_BREA,668715,0,502352,19268590,0,0,8,4,4,2,86,1
44274PARAMONGA_N,2377224,0,1784442,67370109,0,18,0,18,8,0,0,2
44275CVERDE,142511,2,712635,5771034,142509,2,2,1,1,0,0,2
44275CHILCA1,209759,27,1049520,7054262,209770,14,2,54,5,0,0,2
44275COLCABAMBA,2514541,0,1886958,80235337,0,2,1,1,1,0,0,2
44275TRUJILLNUEV,157891,1289,803715,9369239,159166,12,2,10,10,0,0,2
44275YARABAMBA,4113875,0,3086562,212003420,0,2,1,8,7,0,0,2
44275MARCONA,5606842,0,4206262,214002949,0,6,1,8,6,0,0,2
44275PARAGSHA_NVA,185517,370,931545,8871922,185874,2,11,3,3,6,144,2
44275HUANUCO_N,1293581,0,971388,35268224,0,5,1,3,1,0,0,2
44275PIURA2_N,2770875,0,2080396,77806471,0,42,1,11,7,0,0,2
44275ICA,166613,75,834185,12122879,166671,15,2,24,24,0,0,2
44275CARAPONGO,668732,0,502008,28883541,0,5,1,6,6,0,0,2
44275CHIMBOTENVA_N,459453,0,345434,12531399,0,7,1,8,4,0,0,2
44275INDEPE_N,1246461,1,935236,88695063,0,16,4,43,32,3,228,1
44275PARAMONGA_N,2040854,0,1532562,56985367,0,38,1,15,7,1,72,1
44275TRUJILLO_N,3097040,0,2324528,95148350,0,7,1,10,4,0,0,2
44275POROMA,766427,0,576324,21358008,0,2,1,6,4,0,0,2
44275SOCABAYA_REP_N,795265,0,597230,22668282,0,2,3,9,2,0,0,2
44276TOCACHE_N,1103120,0,828654,30299801,0,3,0,3,3,0,0,2
44276CHILCA1,208318,43,1047750,7127259,208304,57,0,42,2,0,0,2
44276CARABAYLLO,257782,315,1293440,7618012,258025,72,0,18,3,0,0,2
44276PARAGSHA_NVA,181630,361,912020,8859028,181971,9,11,5,5,0,0,2
44276HUANUCO_N,1356287,0,1018416,36908149,0,6,0,6,2,0,0,2
44276PIURA2_N,2849328,0,2138906,79848093,0,14,0,13,13,0,0,2
44276ICA,154128,92,772185,14009800,154193,27,0,3,3,0,0,2
44276CARAPONGO,715920,0,537486,30382122,0,9,0,18,4,0,0,2
44276CHIMBOTENVA_N,463049,0,348328,12644968,0,13,0,7,1,0,0,2
44276INDEPE_N,1289019,1,967702,87906167,0,51,5,16,9,0,0,2
44276AGUAYTIA_N,134894,0,102420,24729566,0,5,13,3,3,8,1136,2
44276PARAMONGA_N,2353098,0,1766692,66795727,0,33,1,11,5,0,0,2
44276TRUJILLO_N,3157491,0,2370022,96055623,0,13,0,7,4,0,0,2
44277SOCABAYA_N,1955753,0,1467804,63351009,0,3,0,2,2,1,408,1
44277TRUJILLNUEV,141676,1469,725680,11709821,143142,3,0,5,5,0,0,2
44277LANINA_N,2627632,0,1972464,77848546,0,3,0,4,4,0,0,2
44277JULIACA_N,155377,0,117462,5715849,0,6,0,4,1,0,0,2
44277MARCONA,5591206,0,4194542,215518440,0,5,0,3,2,0,0,2
44277HUANUCO_N,1439138,0,1080600,39177881,0,9,0,6,2,31,2205,2
44277PIURA2_N,3240775,0,2432594,91553893,0,17,0,46,42,0,0,2
44277ICA,155061,102,778145,13667447,155157,6,0,12,11,1,34,2
44277CARAPONGO,716707,0,538194,31595808,0,21,0,11,8,0,0,2
44277CHIMBOTENVA_N,704511,0,529270,19373215,0,10,0,18,10,0,0,2
44277INDEPE_N,1263465,0,947914,84378760,0,19,0,24,23,0,0,2
44277AGUAYTIA_N,145653,0,110728,24472677,0,9,20,28,7,3,130,2
44277PARAMONGA_N,2539276,0,1906210,73054230,0,25,0,28,8,0,0,2
44278HUACHO,114414,200,574355,6637531,114607,5,2,6,3,1,4,1
44278VENTANILLA,200763,267,1006820,6684785,201015,15,0,5,1,0,0,2
44278SOCABAYA_N,1961100,0,1471992,63588119,0,5,4,6,6,0,0,2
44278TRUJILLNUEV,145272,1399,743105,11286026,146663,8,0,1,1,3,86,2
44278LANINA_N,2594474,0,1947646,76674864,0,7,0,8,8,0,0,2
44278MARCONA,5639980,0,4231120,214783262,0,7,0,9,1,0,0,2
44278PARAGSHA_NVA,187956,373,943845,9210429,188323,3,3,2,2,1,16,2
44278PIURA2_N,3427029,0,2572730,98530014,0,53,0,70,69,0,0,2
44278ICA,163985,103,821785,11783813,164059,27,2,9,9,1,56,2
44278CHIMBOTENVA_N,675633,2,507846,18533231,0,25,1,24,13,1,64,2
44278INDEPE_N,1146410,0,860244,78363264,0,27,0,28,27,0,0,2
44278CHAVARRIA_N,927591,2,696736,26266022,0,7,0,33,11,0,0,2
44278PARAMONGA_N,2467853,2,1853058,71386113,0,62,0,33,6,0,0,2
44278SOCABAYA_REP_N,974768,0,731844,28176299,0,3,0,7,1,0,0,2
44279CHILCA1,207780,24,1039315,7340328,207797,7,0,2,2,0,0,2
44279SANNICOLAS,120400,3383,619135,1066532,123780,3,0,3,2,1,4,1
44279TRUJILLNUEV,153496,1303,782685,10065720,154785,6,8,5,5,2,104,2
44279LANINA_N,2483885,0,1864796,73260644,0,11,0,3,3,0,0,2
44279CARABAYLLO,246286,334,1235745,8416387,246570,50,0,38,1,2,12,1
44279PARAGSHA_NVA,183831,383,923190,8965866,184206,5,3,5,5,4,88,2
44279PIURA2_N,3131413,0,2351482,89207999,0,82,0,23,20,0,0,2
44279ICA,152423,81,764770,13077031,152486,16,2,30,30,1,7,2
44279CARAPONGO,657703,0,493728,28263171,0,5,1,5,5,17,2299,2
44279CHIMBOTENVA_N,608210,0,457266,16674183,0,26,1,34,14,0,0,2
44279INDEPE_N,1227695,0,921274,83628527,0,31,0,28,27,0,0,2
44279AGUAYTIA_N,153320,0,116478,29507168,0,3,21,1,1,5,176,1
44279PARAMONGA_N,2347453,1,1762896,67837352,0,70,0,40,13,0,0,2
44279SOCABAYA_REP_N,926134,0,695518,26356081,0,10,0,9,2,0,0,2
44280SANTUARIO,134439,0,702484,9127626,132995,3,2,1,1,5,22,1
44280CALLALLI,51052,0,261353,3341669,50761,3,0,2,2,0,0,2
44280TRUJILLNUEV,155154,1420,793385,10827846,156558,8,8,1,1,0,0,2
44280LANINA_N,2573770,0,1932108,76147556,0,6,0,5,5,0,0,2
44280AUCAYACU_N,571424,0,429258,20168905,0,3,0,25,20,0,0,2
44280MARCONA,5713691,1,4286768,210049073,0,33,0,19,5,0,0,2
44280PARAGSHA_NVA,182397,401,916365,8971635,182782,8,8,4,4,1,32,2
44280PIURA2_N,3383574,3,2539990,96658781,0,37,0,43,42,0,0,2
44280ICA,157755,98,794875,12564060,157785,66,2,12,12,0,0,2
44280CARAPONGO,593665,5,445844,26345274,0,9,21,5,5,0,0,2
44280CHIMBOTENVA_N,705341,1,530268,19372132,0,40,0,11,1,0,0,2
44280INDEPE_N,1204153,1,903686,82153041,0,36,0,44,43,0,0,2
44280PARAMONGA_N,2034788,1,1528594,58186738,0,83,0,13,6,0,0,2
44281SANNICOLAS,120527,3718,621820,1063470,124242,3,0,6,6,3,18,1
44281TRUJILLNUEV,156533,1391,797975,10995781,157920,4,0,5,5,1,42,2
44281AUCAYACU_N,541944,0,407552,19504430,0,32,0,4,2,0,0,2
44281MARCONA,5650355,2,4239300,209065094,0,36,0,66,26,1,4,2
44281PARAGSHA_NVA,184402,373,926125,9080554,184768,7,0,5,5,3,48,2
44281HUANUCO_N,1394202,0,1046814,38064051,0,3,0,3,1,1,2,1
44281CARHUAMAYO,183033,120,916700,8586042,183143,10,0,7,1,1,2,1
44281PIURA2_N,3281850,0,2463824,93565979,0,50,0,16,9,0,0,2
44281ICA,169629,76,849235,11681107,169690,15,0,42,42,1,2,2
44281MOLLEPATA,2194528,2,1646732,63174918,0,3,3,21,21,9,21,1
44281CHIMBOTENVA_N,653162,0,490766,17905020,0,14,0,12,3,0,0,2
44281INDEPE_N,1158777,0,869804,79211295,0,47,0,27,27,0,0,2
44281PARAMONGA_N,2223371,0,1669298,67306638,0,29,0,13,6,0,0,2
44282TOCACHE_N,831152,12,625754,22901629,0,6,28,3,3,0,0,2
44282CHILCA1,207651,29,1038745,7372123,207673,5,2,43,6,0,0,2
44282SANNICOLAS,117063,4553,613035,1085308,121602,8,6,5,4,4,38,1
44282TRUJILLNUEV,154847,1460,790875,10940785,156295,8,4,5,5,0,0,2
44282YARABAMBA,4077009,0,3059050,205262625,0,3,1,1,1,0,0,2
44282MARCONA,5596028,1,4199724,204446382,0,115,2,54,14,0,0,2
44282HUANUCO_N,1429198,0,1073104,38918922,0,6,1,3,1,0,0,2
44282PIURA2_N,3405673,0,2556326,97005308,0,19,1,24,19,0,0,2
44282ICA,171829,85,861395,11187905,171867,45,2,27,27,1,106,2
44282CHIMBOTENVA_N,645044,0,484780,17663998,0,15,1,12,6,1,60,2
44282INDEPE_N,1127804,0,846386,78044181,0,31,1,41,39,0,0,2
44282PARAMONGA_N,2220407,0,1667190,67515779,0,29,1,13,1,0,0,2
44283TOCACHE_N,913144,2,686600,25153802,0,8,0,4,4,0,0,2
44283CHILCA1,208135,28,1044745,7217549,208098,65,0,22,1,0,0,2
44283TRUJILLNUEV,160507,1222,816705,11041978,161721,8,0,20,4,8,460,2
44283LANINA_N,2558873,0,1920948,75643242,0,3,0,2,2,0,0,2
44283MARCONA,5668726,2,4253986,207691682,0,97,0,47,9,0,0,2
44283PARAGSHA_NVA,188177,384,945005,9239530,188558,3,0,9,9,5,118,2
44283HUANUCO_N,1390071,0,1043760,37875815,0,6,0,6,2,1,340,1
44283PIURA2_N,3244688,0,2435700,92278927,0,27,0,38,32,1,72,1
44283ICA,152054,75,762305,13833362,152098,29,2,30,30,0,0,2
44283CHIMBOTENVA_N,664360,0,499284,18215934,0,15,3,28,13,0,0,2
44283INDEPE_N,1264105,0,948788,86027753,0,44,0,30,30,1,4,1
44283CHAVARRIA_N,970904,0,729656,27523116,0,11,0,4,2,1,5,1
44283PUCALLPA_N,200644,0,151326,40772543,0,3,0,13,8,0,0,2
44283AGUAYTIA_N,158524,0,119730,30535119,0,3,0,7,7,0,0,2
44283PARAMONGA_N,2242666,0,1683734,67742145,0,29,0,25,3,1,2,1
44284SANNICOLAS,109901,8802,593860,1221424,118700,3,0,10,8,5,54,1
44284TRUJILLNUEV,153845,1416,788480,10856103,155186,42,33,4,4,0,0,2
44284MARCONA,5630202,1,4224956,207194146,0,89,0,57,10,0,0,2
44284PARAGSHA_NVA,180470,504,907815,8734969,180953,12,9,1,1,1,32,2
44284PIURA2_N,3267453,0,2452800,93612434,0,41,1,30,27,0,0,2
44284ICA,150848,74,755585,13428090,150889,33,0,33,33,0,0,2
44284CARAPONGO,650320,0,488140,29764477,0,3,1,5,3,1,124,2
44284CHIMBOTENVA_N,656302,0,493358,17991338,0,31,1,8,6,0,0,2
44284INDEPE_N,1257286,0,943614,84689626,0,35,1,33,31,0,0,2
44284CHAVARRIA_N,869079,1,653210,24739339,0,5,9,6,1,0,0,2
44284COMBAPATA_N,4017486,0,3014088,130881351,0,3,0,10,2,0,0,2
44284PARAMONGA_N,2043053,0,1534586,59055614,0,55,1,12,7,0,0,2
44284CHICLAYO_N,1807907,0,1357018,63969898,0,3,1,18,3,0,0,2
44285SOCABAYA_N,1989383,0,1493142,62990761,0,3,0,2,2,0,0,2
44285TRUJILLNUEV,149411,1405,762840,11030754,150809,7,0,2,2,0,0,2
44285AUCAYACU_N,506710,0,380694,18859995,0,3,0,1,1,1,8,1
44285MARCONA,5580542,2,4187874,204214948,0,105,0,4,4,0,0,2
44285PARAGSHA_NVA,182999,419,919510,8980745,183414,4,0,4,4,1,8,2
44285PIURA2_N,3309618,0,2484280,95225851,0,34,0,15,10,0,0,2
44285ICA,157874,95,791575,12217582,157933,36,0,29,19,2,146,2
44285CARAPONGO,663787,0,498324,27655346,0,8,1,7,7,0,0,2
44285CHIMBOTENVA_N,630892,0,474038,17254183,0,11,0,6,2,0,0,2
44285INDEPE_N,1162437,0,872412,79781527,0,36,0,30,28,0,0,2
44285PARAMONGA_N,1809977,0,1359276,51155084,0,27,0,16,5,0,0,2
44286TOQUEPALA,14341,2939,122100,543567,17250,3,27,4,4,3,754,1
44286MOQUEGUA,57357,1135,309635,871130,58489,3,0,7,7,0,0,2
44286HUACHO,119385,184,599145,6307998,119549,20,0,2,1,0,0,2
44286SURIRAY,1189359,0,892842,33547179,0,3,0,6,2,0,0,2
44286TRUJILLNUEV,148579,1382,758620,10631177,149956,5,0,3,3,2,4330,2
44286PIURA2_N,3230799,0,2424768,92985663,0,18,0,21,14,0,0,2
44286ICA,164079,87,824860,11566353,164122,40,4,23,18,0,0,2
44286CARAPONGO,707281,0,530974,31968567,0,10,0,6,6,0,0,2
44286CHIMBOTENVA_N,655645,0,492552,17963836,0,9,0,37,20,2,214,2
44286INDEPE_N,1110927,0,833718,76976530,0,33,0,30,28,0,0,2
44286PARAMONGA_N,2345242,0,1760744,67125372,0,35,0,13,6,0,0,2
44287CVERDE,139983,4,700000,5855446,139984,3,0,7,2,1,772,2
44287TRUJILLNUEV,142232,1702,729320,10362672,143566,19,349,17,4,1,198,2
44287LANINA_N,2528546,0,1898358,74566595,0,3,3,29,5,0,0,2
44287MARCONA,5723364,0,4293618,210750475,0,3,0,1,1,0,0,2
44287CARABAYLLO,226313,337,1145540,8815767,226590,47,13,24,5,0,0,2
44287PIURA2_N,3283513,0,2464524,94704866,0,24,0,7,3,0,0,2
44287ICA,165025,91,826580,12214563,165090,26,0,24,16,0,0,2
44287CARAPONGO,696555,0,522942,32283257,0,9,0,2,2,1,115,2
44287CHIMBOTENVA_N,622250,2,468082,17050815,0,41,5,19,10,0,0,2
44287INDEPE_N,1154179,0,866166,78856988,0,33,0,24,23,0,0,2
44287PARAMONGA_N,2389385,0,1793786,68610200,0,29,0,9,5,0,0,2
